patient_id,timestamp,glucose,heart_rate,hrv,steps,is_sleeping,sleep_duration_hours,sleep_quality_score,meal_event,meal_carbs_g,future_g30,future_g60,future_g90,future_g120,max_future_2h,spike_2h
PT-101,2026-10-01T00:00:00,109.7,64,65.9,5,1,7.5,85.0,None,0.0,107.2,111.7,111.7,107.3,111.7,0
PT-101,2026-10-01T00:15:00,109.4,58,73.2,4,1,7.5,85.0,None,0.0,109.5,111.7,108.5,106.5,111.7,0
PT-101,2026-10-01T00:30:00,107.2,60,75.9,2,1,7.5,85.0,None,0.0,111.7,111.7,107.3,106.2,111.7,0
PT-101,2026-10-01T00:45:00,109.5,60,51.2,0,1,7.5,85.0,None,0.0,111.7,108.5,106.5,102.1,111.7,0
PT-101,2026-10-01T01:00:00,111.7,56,70.7,2,1,7.5,85.0,None,0.0,111.7,107.3,106.2,102.2,111.7,0
PT-101,2026-10-01T01:15:00,111.7,58,72.9,2,1,7.5,85.0,None,0.0,108.5,106.5,102.1,103.6,111.7,0
PT-101,2026-10-01T01:30:00,111.7,51,64.6,14,1,7.5,85.0,None,0.0,107.3,106.2,102.2,101.1,111.7,0
PT-101,2026-10-01T01:45:00,108.5,57,74.0,3,1,7.5,85.0,None,0.0,106.5,102.1,103.6,99.8,108.5,0
PT-101,2026-10-01T02:00:00,107.3,59,57.5,1,1,7.5,85.0,None,0.0,106.2,102.2,101.1,100.2,107.3,0
PT-101,2026-10-01T02:15:00,106.5,53,81.4,11,1,7.5,85.0,None,0.0,102.1,103.6,99.8,99.2,106.5,0
PT-101,2026-10-01T02:30:00,106.2,55,58.7,0,1,7.5,85.0,None,0.0,102.2,101.1,100.2,103.4,106.2,0
PT-101,2026-10-01T02:45:00,102.1,53,65.5,1,1,7.5,85.0,None,0.0,103.6,99.8,99.2,104.3,103.6,0
PT-101,2026-10-01T03:00:00,102.2,55,66.7,5,1,7.5,85.0,None,0.0,101.1,100.2,103.4,103.2,104.3,0
PT-101,2026-10-01T03:15:00,103.6,57,59.1,8,1,7.5,85.0,None,0.0,99.8,99.2,104.3,101.8,104.3,0
PT-101,2026-10-01T03:30:00,101.1,56,46.6,1,1,7.5,85.0,None,0.0,100.2,103.4,103.2,101.7,104.3,0
PT-101,2026-10-01T03:45:00,99.8,63,71.8,3,1,7.5,85.0,None,0.0,99.2,104.3,101.8,101.9,104.3,0
PT-101,2026-10-01T04:00:00,100.2,70,74.0,11,1,7.5,85.0,None,0.0,103.4,103.2,101.7,103.5,104.3,0
PT-101,2026-10-01T04:15:00,99.2,54,58.5,3,1,7.5,85.0,None,0.0,104.3,101.8,101.9,104.4,104.3,0
PT-101,2026-10-01T04:30:00,103.4,55,56.3,2,1,7.5,85.0,None,0.0,103.2,101.7,103.5,103.4,104.4,0
PT-101,2026-10-01T04:45:00,104.3,61,58.0,7,1,7.5,85.0,None,0.0,101.8,101.9,104.4,106.2,104.4,0
PT-101,2026-10-01T05:00:00,103.2,64,69.3,3,1,7.5,85.0,None,0.0,101.7,103.5,103.4,103.8,106.2,0
PT-101,2026-10-01T05:15:00,101.8,57,76.2,1,1,7.5,85.0,None,0.0,101.9,104.4,106.2,103.3,106.2,0
PT-101,2026-10-01T05:30:00,101.7,52,69.5,4,1,7.5,85.0,None,0.0,103.5,103.4,103.8,104.9,106.2,0
PT-101,2026-10-01T05:45:00,101.9,56,58.4,1,1,7.5,85.0,None,0.0,104.4,106.2,103.3,102.4,106.2,0
PT-101,2026-10-01T06:00:00,103.5,58,58.4,11,1,7.5,85.0,None,0.0,103.4,103.8,104.9,102.9,106.2,0
PT-101,2026-10-01T06:15:00,104.4,57,68.1,0,1,7.5,85.0,None,0.0,106.2,103.3,102.4,103.8,106.2,0
PT-101,2026-10-01T06:30:00,103.4,72,48.9,151,0,7.5,0.0,None,0.0,103.8,104.9,102.9,104.6,106.2,0
PT-101,2026-10-01T06:45:00,106.2,73,62.3,175,0,7.5,0.0,None,0.0,103.3,102.4,103.8,106.9,106.2,0
PT-101,2026-10-01T07:00:00,103.8,70,48.7,207,0,7.5,0.0,None,0.0,104.9,102.9,104.6,107.3,106.9,0
PT-101,2026-10-01T07:15:00,103.3,60,50.1,155,0,7.5,0.0,None,0.0,102.4,103.8,106.9,101.3,107.3,0
PT-101,2026-10-01T07:30:00,104.9,71,49.1,10,0,7.5,0.0,None,0.0,102.9,104.6,107.3,98.2,107.3,0
PT-101,2026-10-01T07:45:00,102.4,70,48.3,355,0,7.5,0.0,None,0.0,103.8,106.9,101.3,95.8,107.3,0
PT-101,2026-10-01T08:00:00,102.9,71,55.6,213,0,7.5,0.0,Breakfast,25.0,104.6,107.3,98.2,94.0,107.3,0
PT-101,2026-10-01T08:15:00,103.8,78,39.7,175,0,7.5,0.0,None,0.0,106.9,101.3,95.8,94.8,107.3,0
PT-101,2026-10-01T08:30:00,104.6,71,53.9,178,0,7.5,0.0,None,0.0,107.3,98.2,94.0,98.5,107.3,0
PT-101,2026-10-01T08:45:00,106.9,70,58.5,139,0,7.5,0.0,None,0.0,101.3,95.8,94.8,100.5,107.3,0
PT-101,2026-10-01T09:00:00,107.3,70,49.9,159,0,7.5,0.0,None,0.0,98.2,94.0,98.5,104.6,107.3,0
PT-101,2026-10-01T09:15:00,101.3,95,38.5,1210,0,7.5,0.0,None,0.0,95.8,94.8,100.5,106.3,104.6,0
PT-101,2026-10-01T09:30:00,98.2,99,35.2,1111,0,7.5,0.0,None,0.0,94.0,98.5,104.6,105.4,106.3,0
PT-101,2026-10-01T09:45:00,95.8,98,25.4,1077,0,7.5,0.0,None,0.0,94.8,100.5,106.3,110.0,106.3,0
PT-101,2026-10-01T10:00:00,94.0,71,58.4,0,0,7.5,0.0,None,0.0,98.5,104.6,105.4,108.0,110.0,0
PT-101,2026-10-01T10:15:00,94.8,73,61.1,0,0,7.5,0.0,None,0.0,100.5,106.3,110.0,109.0,110.0,0
PT-101,2026-10-01T10:30:00,98.5,71,53.9,62,0,7.5,0.0,None,0.0,104.6,105.4,108.0,108.5,110.0,0
PT-101,2026-10-01T10:45:00,100.5,78,57.0,171,0,7.5,0.0,None,0.0,106.3,110.0,109.0,107.5,110.0,0
PT-101,2026-10-01T11:00:00,104.6,68,53.0,104,0,7.5,0.0,None,0.0,105.4,108.0,108.5,110.5,110.0,0
PT-101,2026-10-01T11:15:00,106.3,71,42.1,100,0,7.5,0.0,None,0.0,110.0,109.0,107.5,115.8,110.5,0
PT-101,2026-10-01T11:30:00,105.4,72,65.7,313,0,7.5,0.0,None,0.0,108.0,108.5,110.5,116.0,115.8,0
PT-101,2026-10-01T11:45:00,110.0,66,61.7,0,0,7.5,0.0,None,0.0,109.0,107.5,115.8,119.9,116.0,0
PT-101,2026-10-01T12:00:00,108.0,79,45.9,190,0,7.5,0.0,None,0.0,108.5,110.5,116.0,112.7,119.9,0
PT-101,2026-10-01T12:15:00,109.0,65,58.8,0,0,7.5,0.0,None,0.0,107.5,115.8,119.9,116.0,119.9,0
PT-101,2026-10-01T12:30:00,108.5,69,47.3,202,0,7.5,0.0,None,0.0,110.5,116.0,112.7,113.3,119.9,0
PT-101,2026-10-01T12:45:00,107.5,75,50.5,84,0,7.5,0.0,None,0.0,115.8,119.9,116.0,110.6,119.9,0
PT-101,2026-10-01T13:00:00,110.5,74,48.2,94,0,7.5,0.0,Lunch,35.0,116.0,112.7,113.3,112.6,119.9,0
PT-101,2026-10-01T13:15:00,115.8,73,50.9,6,0,7.5,0.0,None,0.0,119.9,116.0,110.6,110.7,119.9,0
PT-101,2026-10-01T13:30:00,116.0,77,51.1,170,0,7.5,0.0,None,0.0,112.7,113.3,112.6,107.6,119.9,0
PT-101,2026-10-01T13:45:00,119.9,58,55.7,8,0,7.5,0.0,None,0.0,116.0,110.6,110.7,107.8,119.9,0
PT-101,2026-10-01T14:00:00,112.7,98,20.3,1275,0,7.5,0.0,None,0.0,113.3,112.6,107.6,105.4,116.0,0
PT-101,2026-10-01T14:15:00,116.0,73,62.3,114,0,7.5,0.0,None,0.0,110.6,110.7,107.8,104.1,116.0,0
PT-101,2026-10-01T14:30:00,113.3,79,43.2,694,0,7.5,0.0,None,0.0,112.6,107.6,105.4,102.7,113.3,0
PT-101,2026-10-01T14:45:00,110.6,82,44.8,615,0,7.5,0.0,None,0.0,110.7,107.8,104.1,100.7,112.6,0
PT-101,2026-10-01T15:00:00,112.6,70,49.8,78,0,7.5,0.0,None,0.0,107.6,105.4,102.7,103.5,112.6,0
PT-101,2026-10-01T15:15:00,110.7,71,65.8,123,0,7.5,0.0,None,0.0,107.8,104.1,100.7,106.1,110.7,0
PT-101,2026-10-01T15:30:00,107.6,63,40.6,243,0,7.5,0.0,None,0.0,105.4,102.7,103.5,104.3,107.8,0
PT-101,2026-10-01T15:45:00,107.8,69,55.8,38,0,7.5,0.0,None,0.0,104.1,100.7,106.1,106.3,107.8,0
PT-101,2026-10-01T16:00:00,105.4,73,57.2,120,0,7.5,0.0,None,0.0,102.7,103.5,104.3,108.0,106.3,0
PT-101,2026-10-01T16:15:00,104.1,70,55.7,103,0,7.5,0.0,None,0.0,100.7,106.1,106.3,102.0,108.0,0
PT-101,2026-10-01T16:30:00,102.7,71,49.4,125,0,7.5,0.0,None,0.0,103.5,104.3,108.0,102.5,108.0,0
PT-101,2026-10-01T16:45:00,100.7,70,55.2,140,0,7.5,0.0,None,0.0,106.1,106.3,102.0,98.2,108.0,0
PT-101,2026-10-01T17:00:00,103.5,69,56.7,113,0,7.5,0.0,Snack,15.0,104.3,108.0,102.5,97.1,108.0,0
PT-101,2026-10-01T17:15:00,106.1,75,47.9,103,0,7.5,0.0,None,0.0,106.3,102.0,98.2,99.9,108.0,0
PT-101,2026-10-01T17:30:00,104.3,71,53.6,180,0,7.5,0.0,None,0.0,108.0,102.5,97.1,102.2,108.0,0
PT-101,2026-10-01T17:45:00,106.3,72,49.0,206,0,7.5,0.0,None,0.0,102.0,98.2,99.9,101.8,108.0,0
PT-101,2026-10-01T18:00:00,108.0,64,46.0,76,0,7.5,0.0,None,0.0,102.5,97.1,102.2,105.0,108.0,0
PT-101,2026-10-01T18:15:00,102.0,87,45.0,887,0,7.5,0.0,None,0.0,98.2,99.9,101.8,107.9,105.0,0
PT-101,2026-10-01T18:30:00,102.5,71,54.7,104,0,7.5,0.0,None,0.0,97.1,102.2,105.0,113.4,107.9,0
PT-101,2026-10-01T18:45:00,98.2,68,66.0,26,0,7.5,0.0,None,0.0,99.9,101.8,107.9,117.0,113.4,0
PT-101,2026-10-01T19:00:00,97.1,77,44.8,202,0,7.5,0.0,None,0.0,102.2,105.0,113.4,118.0,117.0,0
PT-101,2026-10-01T19:15:00,99.9,76,59.6,52,0,7.5,0.0,None,0.0,101.8,107.9,117.0,116.1,118.0,0
PT-101,2026-10-01T19:30:00,102.2,76,52.6,142,0,7.5,0.0,None,0.0,105.0,113.4,118.0,115.6,118.0,0
PT-101,2026-10-01T19:45:00,101.8,68,62.1,120,0,7.5,0.0,None,0.0,107.9,117.0,116.1,114.7,118.0,0
PT-101,2026-10-01T20:00:00,105.0,67,57.9,98,0,7.5,0.0,Dinner,40.0,113.4,118.0,115.6,117.8,118.0,0
PT-101,2026-10-01T20:15:00,107.9,67,65.7,189,0,7.5,0.0,None,0.0,117.0,116.1,114.7,116.3,118.0,0
PT-101,2026-10-01T20:30:00,113.4,75,51.1,106,0,7.5,0.0,None,0.0,118.0,115.6,117.8,115.2,118.0,0
PT-101,2026-10-01T20:45:00,117.0,71,51.2,162,0,7.5,0.0,None,0.0,116.1,114.7,116.3,116.0,118.0,0
PT-101,2026-10-01T21:00:00,118.0,73,55.2,151,0,7.5,0.0,None,0.0,115.6,117.8,115.2,115.2,118.0,0
PT-101,2026-10-01T21:15:00,116.1,71,51.9,174,0,7.5,0.0,None,0.0,114.7,116.3,116.0,113.9,117.8,0
PT-101,2026-10-01T21:30:00,115.6,65,53.8,156,0,7.5,0.0,None,0.0,117.8,115.2,115.2,112.1,117.8,0
PT-101,2026-10-01T21:45:00,114.7,67,41.7,162,0,7.5,0.0,None,0.0,116.3,116.0,113.9,111.6,117.8,0
PT-101,2026-10-01T22:00:00,117.8,62,58.0,49,0,7.5,0.0,None,0.0,115.2,115.2,112.1,111.2,117.8,0
PT-101,2026-10-01T22:15:00,116.3,69,52.3,69,0,7.5,0.0,None,0.0,116.0,113.9,111.6,113.3,116.3,0
PT-101,2026-10-01T22:30:00,115.2,76,47.6,185,0,7.5,0.0,None,0.0,115.2,112.1,111.2,113.0,116.0,0
PT-101,2026-10-01T22:45:00,116.0,76,55.3,235,0,7.5,0.0,None,0.0,113.9,111.6,113.3,109.1,116.0,0
PT-101,2026-10-01T23:00:00,115.2,59,70.9,19,1,7.5,85.0,None,0.0,112.1,111.2,113.0,109.2,115.2,0
PT-101,2026-10-01T23:15:00,113.9,58,65.8,5,1,7.5,85.0,None,0.0,111.6,113.3,109.1,110.8,113.9,0
PT-101,2026-10-01T23:30:00,112.1,52,85.8,36,1,7.5,85.0,None,0.0,111.2,113.0,109.2,115.1,113.3,0
PT-101,2026-10-01T23:45:00,111.6,56,63.5,6,1,7.5,85.0,None,0.0,113.3,109.1,110.8,114.1,115.1,0
PT-101,2026-10-02T00:00:00,111.2,60,71.3,2,1,7.5,85.0,None,0.0,113.0,109.2,115.1,113.5,115.1,0
PT-101,2026-10-02T00:15:00,113.3,55,75.8,3,1,7.5,85.0,None,0.0,109.1,110.8,114.1,114.3,115.1,0
PT-101,2026-10-02T00:30:00,113.0,54,86.9,2,1,7.5,85.0,None,0.0,109.2,115.1,113.5,111.9,115.1,0
PT-101,2026-10-02T00:45:00,109.1,62,76.6,2,1,7.5,85.0,None,0.0,110.8,114.1,114.3,112.9,115.1,0
PT-101,2026-10-02T01:00:00,109.2,66,68.9,8,1,7.5,85.0,None,0.0,115.1,113.5,111.9,112.2,115.1,0
PT-101,2026-10-02T01:15:00,110.8,64,63.3,2,1,7.5,85.0,None,0.0,114.1,114.3,112.9,110.8,115.1,0
PT-101,2026-10-02T01:30:00,115.1,56,55.5,3,1,7.5,85.0,None,0.0,113.5,111.9,112.2,111.5,115.1,0
PT-101,2026-10-02T01:45:00,114.1,55,58.6,1,1,7.5,85.0,None,0.0,114.3,112.9,110.8,108.5,114.3,0
PT-101,2026-10-02T02:00:00,113.5,64,66.3,2,1,7.5,85.0,None,0.0,111.9,112.2,111.5,105.2,114.3,0
PT-101,2026-10-02T02:15:00,114.3,57,68.6,1,1,7.5,85.0,None,0.0,112.9,110.8,108.5,107.0,114.3,0
PT-101,2026-10-02T02:30:00,111.9,59,63.0,4,1,7.5,85.0,None,0.0,112.2,111.5,105.2,107.2,112.9,0
PT-101,2026-10-02T02:45:00,112.9,56,59.8,15,1,7.5,85.0,None,0.0,110.8,108.5,107.0,107.5,112.9,0
PT-101,2026-10-02T03:00:00,112.2,61,66.7,4,1,7.5,85.0,None,0.0,111.5,105.2,107.2,108.1,112.2,0
PT-101,2026-10-02T03:15:00,110.8,55,69.9,9,1,7.5,85.0,None,0.0,108.5,107.0,107.5,110.5,111.5,0
PT-101,2026-10-02T03:30:00,111.5,57,61.0,0,1,7.5,85.0,None,0.0,105.2,107.2,108.1,112.8,111.5,0
PT-101,2026-10-02T03:45:00,108.5,60,65.8,4,1,7.5,85.0,None,0.0,107.0,107.5,110.5,113.2,112.8,0
PT-101,2026-10-02T04:00:00,105.2,51,66.4,4,1,7.5,85.0,None,0.0,107.2,108.1,112.8,111.3,113.2,0
PT-101,2026-10-02T04:15:00,107.0,70,64.3,28,1,7.5,85.0,None,0.0,107.5,110.5,113.2,110.5,113.2,0
PT-101,2026-10-02T04:30:00,107.2,49,58.0,4,1,7.5,85.0,None,0.0,108.1,112.8,111.3,111.0,113.2,0
PT-101,2026-10-02T04:45:00,107.5,50,69.1,0,1,7.5,85.0,None,0.0,110.5,113.2,110.5,111.5,113.2,0
PT-101,2026-10-02T05:00:00,108.1,54,58.2,6,1,7.5,85.0,None,0.0,112.8,111.3,111.0,110.5,113.2,0
PT-101,2026-10-02T05:15:00,110.5,55,65.3,16,1,7.5,85.0,None,0.0,113.2,110.5,111.5,111.0,113.2,0
PT-101,2026-10-02T05:30:00,112.8,65,71.6,11,1,7.5,85.0,None,0.0,111.3,111.0,110.5,109.3,113.2,0
PT-101,2026-10-02T05:45:00,113.2,58,73.8,6,1,7.5,85.0,None,0.0,110.5,111.5,111.0,107.1,113.2,0
PT-101,2026-10-02T06:00:00,111.3,56,62.9,1,1,7.5,85.0,None,0.0,111.0,110.5,109.3,114.9,111.5,0
PT-101,2026-10-02T06:15:00,110.5,55,67.5,13,1,7.5,85.0,None,0.0,111.5,111.0,107.1,121.6,114.9,0
PT-101,2026-10-02T06:30:00,111.0,71,52.3,148,0,7.5,0.0,None,0.0,110.5,109.3,114.9,126.2,121.6,0
PT-101,2026-10-02T06:45:00,111.5,72,61.4,89,0,7.5,0.0,None,0.0,111.0,107.1,121.6,127.8,126.2,0
PT-101,2026-10-02T07:00:00,110.5,67,52.6,70,0,7.5,0.0,None,0.0,109.3,114.9,126.2,127.5,127.8,0
PT-101,2026-10-02T07:15:00,111.0,69,53.0,53,0,7.5,0.0,None,0.0,107.1,121.6,127.8,121.0,127.8,0
PT-101,2026-10-02T07:30:00,109.3,72,45.3,227,0,7.5,0.0,None,0.0,114.9,126.2,127.5,119.3,127.8,0
PT-101,2026-10-02T07:45:00,107.1,75,54.4,194,0,7.5,0.0,None,0.0,121.6,127.8,121.0,121.0,127.8,0
PT-101,2026-10-02T08:00:00,114.9,69,51.0,172,0,7.5,0.0,Breakfast,40.0,126.2,127.5,119.3,123.8,127.8,0
PT-101,2026-10-02T08:15:00,121.6,77,59.1,85,0,7.5,0.0,None,0.0,127.8,121.0,121.0,124.3,127.8,0
PT-101,2026-10-02T08:30:00,126.2,69,51.4,82,0,7.5,0.0,None,0.0,127.5,119.3,123.8,125.7,127.8,0
PT-101,2026-10-02T08:45:00,127.8,73,56.9,87,0,7.5,0.0,None,0.0,121.0,121.0,124.3,127.3,127.8,0
PT-101,2026-10-02T09:00:00,127.5,80,49.4,532,0,7.5,0.0,None,0.0,119.3,123.8,125.7,123.9,127.5,0
PT-101,2026-10-02T09:15:00,121.0,99,26.1,1351,0,7.5,0.0,None,0.0,121.0,124.3,127.3,121.7,127.3,0
PT-101,2026-10-02T09:30:00,119.3,72,61.2,184,0,7.5,0.0,None,0.0,123.8,125.7,123.9,116.6,127.3,0
PT-101,2026-10-02T09:45:00,121.0,65,54.6,10,0,7.5,0.0,None,0.0,124.3,127.3,121.7,117.6,127.3,0
PT-101,2026-10-02T10:00:00,123.8,72,46.9,113,0,7.5,0.0,None,0.0,125.7,123.9,116.6,115.2,127.3,0
PT-101,2026-10-02T10:15:00,124.3,75,54.6,126,0,7.5,0.0,None,0.0,127.3,121.7,117.6,113.7,127.3,0
PT-101,2026-10-02T10:30:00,125.7,74,55.2,178,0,7.5,0.0,None,0.0,123.9,116.6,115.2,111.7,127.3,0
PT-101,2026-10-02T10:45:00,127.3,74,52.1,148,0,7.5,0.0,None,0.0,121.7,117.6,113.7,112.9,127.3,0
PT-101,2026-10-02T11:00:00,123.9,77,53.5,78,0,7.5,0.0,None,0.0,116.6,115.2,111.7,116.1,123.9,0
PT-101,2026-10-02T11:15:00,121.7,68,56.8,143,0,7.5,0.0,None,0.0,117.6,113.7,112.9,119.7,121.7,0
PT-101,2026-10-02T11:30:00,116.6,62,51.1,97,0,7.5,0.0,None,0.0,115.2,111.7,116.1,124.1,119.7,0
PT-101,2026-10-02T11:45:00,117.6,71,58.8,6,0,7.5,0.0,None,0.0,113.7,112.9,119.7,129.6,124.1,0
PT-101,2026-10-02T12:00:00,115.2,69,54.1,55,0,7.5,0.0,None,0.0,111.7,116.1,124.1,128.4,129.6,0
PT-101,2026-10-02T12:15:00,113.7,77,49.7,253,0,7.5,0.0,None,0.0,112.9,119.7,129.6,132.1,129.6,0
PT-101,2026-10-02T12:30:00,111.7,63,51.3,149,0,7.5,0.0,None,0.0,116.1,124.1,128.4,124.4,132.1,0
PT-101,2026-10-02T12:45:00,112.9,68,63.1,52,0,7.5,0.0,None,0.0,119.7,129.6,132.1,116.2,132.1,0
PT-101,2026-10-02T13:00:00,116.1,68,54.8,93,0,7.5,0.0,Lunch,40.0,124.1,128.4,124.4,114.2,132.1,0
PT-101,2026-10-02T13:15:00,119.7,76,52.3,277,0,7.5,0.0,None,0.0,129.6,132.1,116.2,118.3,132.1,0
PT-101,2026-10-02T13:30:00,124.1,74,54.1,86,0,7.5,0.0,None,0.0,128.4,124.4,114.2,119.1,132.1,0
PT-101,2026-10-02T13:45:00,129.6,76,55.1,116,0,7.5,0.0,None,0.0,132.1,116.2,118.3,119.4,132.1,0
PT-101,2026-10-02T14:00:00,128.4,78,45.2,493,0,7.5,0.0,None,0.0,124.4,114.2,119.1,117.7,132.1,0
PT-101,2026-10-02T14:15:00,132.1,70,52.0,174,0,7.5,0.0,None,0.0,116.2,118.3,119.4,119.6,132.1,0
PT-101,2026-10-02T14:30:00,124.4,89,31.3,1166,0,7.5,0.0,None,0.0,114.2,119.1,117.7,119.8,124.4,0
PT-101,2026-10-02T14:45:00,116.2,99,39.7,1246,0,7.5,0.0,None,0.0,118.3,119.4,119.6,115.9,119.8,0
PT-101,2026-10-02T15:00:00,114.2,76,42.2,207,0,7.5,0.0,None,0.0,119.1,117.7,119.8,117.8,119.8,0
PT-101,2026-10-02T15:15:00,118.3,76,54.4,7,0,7.5,0.0,None,0.0,119.4,119.6,115.9,117.0,119.8,0
PT-101,2026-10-02T15:30:00,119.1,65,59.0,2,0,7.5,0.0,None,0.0,117.7,119.8,117.8,119.4,119.8,0
PT-101,2026-10-02T15:45:00,119.4,67,59.0,175,0,7.5,0.0,None,0.0,119.6,115.9,117.0,122.8,119.8,0
PT-101,2026-10-02T16:00:00,117.7,69,53.9,164,0,7.5,0.0,None,0.0,119.8,117.8,119.4,117.7,122.8,0
PT-101,2026-10-02T16:15:00,119.6,67,54.2,0,0,7.5,0.0,None,0.0,115.9,117.0,122.8,111.3,122.8,0
PT-101,2026-10-02T16:30:00,119.8,68,49.2,0,0,7.5,0.0,None,0.0,117.8,119.4,117.7,106.8,122.8,0
PT-101,2026-10-02T16:45:00,115.9,71,56.3,162,0,7.5,0.0,None,0.0,117.0,122.8,111.3,101.1,122.8,0
PT-101,2026-10-02T17:00:00,117.8,71,53.2,95,0,7.5,0.0,Snack,15.0,119.4,117.7,106.8,102.5,122.8,0
PT-101,2026-10-02T17:15:00,117.0,66,57.7,138,0,7.5,0.0,None,0.0,122.8,111.3,101.1,103.1,122.8,0
PT-101,2026-10-02T17:30:00,119.4,66,62.4,8,0,7.5,0.0,None,0.0,117.7,106.8,102.5,103.8,122.8,0
PT-101,2026-10-02T17:45:00,122.8,69,51.7,104,0,7.5,0.0,None,0.0,111.3,101.1,103.1,103.2,122.8,0
PT-101,2026-10-02T18:00:00,117.7,99,39.4,991,0,7.5,0.0,None,0.0,106.8,102.5,103.8,108.3,117.7,0
PT-101,2026-10-02T18:15:00,111.3,84,42.6,756,0,7.5,0.0,None,0.0,101.1,103.1,103.2,112.9,111.3,0
PT-101,2026-10-02T18:30:00,106.8,80,42.5,563,0,7.5,0.0,None,0.0,102.5,103.8,108.3,113.9,112.9,0
PT-101,2026-10-02T18:45:00,101.1,77,48.1,270,0,7.5,0.0,None,0.0,103.1,103.2,112.9,116.8,113.9,0
PT-101,2026-10-02T19:00:00,102.5,70,44.2,9,0,7.5,0.0,None,0.0,103.8,108.3,113.9,119.3,116.8,0
PT-101,2026-10-02T19:15:00,103.1,69,54.5,47,0,7.5,0.0,None,0.0,103.2,112.9,116.8,119.0,119.3,0
PT-101,2026-10-02T19:30:00,103.8,68,49.7,101,0,7.5,0.0,None,0.0,108.3,113.9,119.3,121.9,119.3,0
PT-101,2026-10-02T19:45:00,103.2,68,51.5,197,0,7.5,0.0,None,0.0,112.9,116.8,119.0,122.4,121.9,0
PT-101,2026-10-02T20:00:00,108.3,70,53.8,186,0,7.5,0.0,Dinner,40.0,113.9,119.3,121.9,123.5,122.4,0
PT-101,2026-10-02T20:15:00,112.9,70,53.4,148,0,7.5,0.0,None,0.0,116.8,119.0,122.4,120.3,123.5,0
PT-101,2026-10-02T20:30:00,113.9,80,46.7,199,0,7.5,0.0,None,0.0,119.3,121.9,123.5,119.3,123.5,0
PT-101,2026-10-02T20:45:00,116.8,71,53.3,3,0,7.5,0.0,None,0.0,119.0,122.4,120.3,115.0,123.5,0
PT-101,2026-10-02T21:00:00,119.3,68,59.7,84,0,7.5,0.0,None,0.0,121.9,123.5,119.3,115.2,123.5,0
PT-101,2026-10-02T21:15:00,119.0,74,56.9,123,0,7.5,0.0,None,0.0,122.4,120.3,115.0,114.6,123.5,0
PT-101,2026-10-02T21:30:00,121.9,64,48.0,15,0,7.5,0.0,None,0.0,123.5,119.3,115.2,112.1,123.5,0
PT-101,2026-10-02T21:45:00,122.4,80,40.9,239,0,7.5,0.0,None,0.0,120.3,115.0,114.6,111.1,123.5,0
PT-101,2026-10-02T22:00:00,123.5,80,39.1,309,0,7.5,0.0,None,0.0,119.3,115.2,112.1,111.0,123.5,0
PT-101,2026-10-02T22:15:00,120.3,70,55.0,136,0,7.5,0.0,None,0.0,115.0,114.6,111.1,109.9,120.3,0
PT-101,2026-10-02T22:30:00,119.3,77,55.9,133,0,7.5,0.0,None,0.0,115.2,112.1,111.0,110.3,119.3,0
PT-101,2026-10-02T22:45:00,115.0,66,51.9,139,0,7.5,0.0,None,0.0,114.6,111.1,109.9,108.9,115.2,0
PT-101,2026-10-02T23:00:00,115.2,64,67.6,2,1,7.5,85.0,None,0.0,112.1,111.0,110.3,109.6,115.2,0
PT-101,2026-10-02T23:15:00,114.6,65,72.3,8,1,7.5,85.0,None,0.0,111.1,109.9,108.9,110.1,114.6,0
PT-101,2026-10-02T23:30:00,112.1,58,68.0,0,1,7.5,85.0,None,0.0,111.0,110.3,109.6,111.2,112.1,0
PT-101,2026-10-02T23:45:00,111.1,56,61.3,3,1,7.5,85.0,None,0.0,109.9,108.9,110.1,111.4,111.2,0
PT-101,2026-10-03T00:00:00,111.0,66,67.2,4,1,7.5,85.0,None,0.0,110.3,109.6,111.2,112.9,111.4,0
PT-101,2026-10-03T00:15:00,109.9,61,67.0,4,1,7.5,85.0,None,0.0,108.9,110.1,111.4,110.4,112.9,0
PT-101,2026-10-03T00:30:00,110.3,53,65.5,2,1,7.5,85.0,None,0.0,109.6,111.2,112.9,114.5,112.9,0
PT-101,2026-10-03T00:45:00,108.9,59,72.6,1,1,7.5,85.0,None,0.0,110.1,111.4,110.4,112.6,114.5,0
PT-101,2026-10-03T01:00:00,109.6,57,71.4,1,1,7.5,85.0,None,0.0,111.2,112.9,114.5,111.2,114.5,0
PT-101,2026-10-03T01:15:00,110.1,48,85.4,0,1,7.5,85.0,None,0.0,111.4,110.4,112.6,108.1,114.5,0
PT-101,2026-10-03T01:30:00,111.2,53,68.8,7,1,7.5,85.0,None,0.0,112.9,114.5,111.2,110.0,114.5,0
PT-101,2026-10-03T01:45:00,111.4,56,52.1,7,1,7.5,85.0,None,0.0,110.4,112.6,108.1,109.3,114.5,0
PT-101,2026-10-03T02:00:00,112.9,60,68.7,1,1,7.5,85.0,None,0.0,114.5,111.2,110.0,106.3,114.5,0
PT-101,2026-10-03T02:15:00,110.4,60,63.0,7,1,7.5,85.0,None,0.0,112.6,108.1,109.3,103.7,114.5,0
PT-101,2026-10-03T02:30:00,114.5,60,62.1,0,1,7.5,85.0,None,0.0,111.2,110.0,106.3,104.9,114.5,0
PT-101,2026-10-03T02:45:00,112.6,50,56.5,0,1,7.5,85.0,None,0.0,108.1,109.3,103.7,107.2,112.6,0
PT-101,2026-10-03T03:00:00,111.2,52,71.0,1,1,7.5,85.0,None,0.0,110.0,106.3,104.9,107.6,111.2,0
PT-101,2026-10-03T03:15:00,108.1,58,70.3,0,1,7.5,85.0,None,0.0,109.3,103.7,107.2,108.4,110.0,0
PT-101,2026-10-03T03:30:00,110.0,50,49.2,5,1,7.5,85.0,None,0.0,106.3,104.9,107.6,109.2,110.0,0
PT-101,2026-10-03T03:45:00,109.3,55,70.5,4,1,7.5,85.0,None,0.0,103.7,107.2,108.4,107.6,109.3,0
PT-101,2026-10-03T04:00:00,106.3,61,54.5,7,1,7.5,85.0,None,0.0,104.9,107.6,109.2,106.9,109.2,0
PT-101,2026-10-03T04:15:00,103.7,64,74.3,2,1,7.5,85.0,None,0.0,107.2,108.4,107.6,107.0,109.2,0
PT-101,2026-10-03T04:30:00,104.9,59,72.7,2,1,7.5,85.0,None,0.0,107.6,109.2,106.9,111.1,109.2,0
PT-101,2026-10-03T04:45:00,107.2,55,78.5,1,1,7.5,85.0,None,0.0,108.4,107.6,107.0,108.1,111.1,0
PT-101,2026-10-03T05:00:00,107.6,52,63.5,1,1,7.5,85.0,None,0.0,109.2,106.9,111.1,108.6,111.1,0
PT-101,2026-10-03T05:15:00,108.4,55,64.9,2,1,7.5,85.0,None,0.0,107.6,107.0,108.1,110.9,111.1,0
PT-101,2026-10-03T05:30:00,109.2,54,66.3,2,1,7.5,85.0,None,0.0,106.9,111.1,108.6,111.5,111.1,0
PT-101,2026-10-03T05:45:00,107.6,59,62.4,7,1,7.5,85.0,None,0.0,107.0,108.1,110.9,113.1,111.5,0
PT-101,2026-10-03T06:00:00,106.9,48,61.0,2,1,7.5,85.0,None,0.0,111.1,108.6,111.5,119.3,113.1,0
PT-101,2026-10-03T06:15:00,107.0,61,63.1,5,1,7.5,85.0,None,0.0,108.1,110.9,113.1,126.6,119.3,0
PT-101,2026-10-03T06:30:00,111.1,73,53.0,166,0,7.5,0.0,None,0.0,108.6,111.5,119.3,129.6,126.6,0
PT-101,2026-10-03T06:45:00,108.1,69,47.4,109,0,7.5,0.0,None,0.0,110.9,113.1,126.6,125.0,129.6,0
PT-101,2026-10-03T07:00:00,108.6,66,61.0,35,0,7.5,0.0,None,0.0,111.5,119.3,129.6,123.5,129.6,0
PT-101,2026-10-03T07:15:00,110.9,71,54.4,148,0,7.5,0.0,None,0.0,113.1,126.6,125.0,123.9,129.6,0
PT-101,2026-10-03T07:30:00,111.5,72,42.4,0,0,7.5,0.0,None,0.0,119.3,129.6,123.5,116.0,129.6,0
PT-101,2026-10-03T07:45:00,113.1,78,51.7,308,0,7.5,0.0,None,0.0,126.6,125.0,123.9,111.0,129.6,0
PT-101,2026-10-03T08:00:00,119.3,68,50.6,103,0,7.5,0.0,Breakfast,40.0,129.6,123.5,116.0,113.7,129.6,0
PT-101,2026-10-03T08:15:00,126.6,73,48.2,189,0,7.5,0.0,None,0.0,125.0,123.9,111.0,116.3,129.6,0
PT-101,2026-10-03T08:30:00,129.6,66,49.0,205,0,7.5,0.0,None,0.0,123.5,116.0,113.7,115.8,129.6,0
PT-101,2026-10-03T08:45:00,125.0,71,58.6,68,0,7.5,0.0,None,0.0,123.9,111.0,116.3,116.4,125.0,0
PT-101,2026-10-03T09:00:00,123.5,85,44.4,615,0,7.5,0.0,None,0.0,116.0,113.7,115.8,111.2,123.9,0
PT-101,2026-10-03T09:15:00,123.9,63,48.0,137,0,7.5,0.0,None,0.0,111.0,116.3,116.4,111.8,123.9,0
PT-101,2026-10-03T09:30:00,116.0,92,47.6,789,0,7.5,0.0,None,0.0,113.7,115.8,111.2,111.2,116.4,0
PT-101,2026-10-03T09:45:00,111.0,94,36.5,1303,0,7.5,0.0,None,0.0,116.3,116.4,111.8,107.9,116.4,0
PT-101,2026-10-03T10:00:00,113.7,63,50.1,84,0,7.5,0.0,None,0.0,115.8,111.2,111.2,108.2,116.4,0
PT-101,2026-10-03T10:15:00,116.3,68,59.7,176,0,7.5,0.0,None,0.0,116.4,111.8,107.9,112.9,116.4,0
PT-101,2026-10-03T10:30:00,115.8,66,50.8,74,0,7.5,0.0,None,0.0,111.2,111.2,108.2,110.4,116.4,0
PT-101,2026-10-03T10:45:00,116.4,74,55.9,208,0,7.5,0.0,None,0.0,111.8,107.9,112.9,111.6,116.4,0
PT-101,2026-10-03T11:00:00,111.2,70,52.4,269,0,7.5,0.0,None,0.0,111.2,108.2,110.4,115.5,112.9,0
PT-101,2026-10-03T11:15:00,111.8,68,56.6,27,0,7.5,0.0,None,0.0,107.9,112.9,111.6,120.8,115.5,0
PT-101,2026-10-03T11:30:00,111.2,68,60.4,87,0,7.5,0.0,None,0.0,108.2,110.4,115.5,123.2,120.8,0
PT-101,2026-10-03T11:45:00,107.9,77,52.8,272,0,7.5,0.0,None,0.0,112.9,111.6,120.8,124.0,123.2,0
PT-101,2026-10-03T12:00:00,108.2,71,45.6,207,0,7.5,0.0,None,0.0,110.4,115.5,123.2,124.7,124.0,0
PT-101,2026-10-03T12:15:00,112.9,65,54.6,21,0,7.5,0.0,None,0.0,111.6,120.8,124.0,120.8,124.7,0
PT-101,2026-10-03T12:30:00,110.4,68,57.4,77,0,7.5,0.0,None,0.0,115.5,123.2,124.7,116.9,124.7,0
PT-101,2026-10-03T12:45:00,111.6,77,50.7,168,0,7.5,0.0,None,0.0,120.8,124.0,120.8,118.5,124.7,0
PT-101,2026-10-03T13:00:00,115.5,72,53.8,170,0,7.5,0.0,Lunch,40.0,123.2,124.7,116.9,119.9,124.7,0
PT-101,2026-10-03T13:15:00,120.8,70,51.6,197,0,7.5,0.0,None,0.0,124.0,120.8,118.5,120.3,124.7,0
PT-101,2026-10-03T13:30:00,123.2,60,55.9,56,0,7.5,0.0,None,0.0,124.7,116.9,119.9,117.9,124.7,0
PT-101,2026-10-03T13:45:00,124.0,72,48.4,213,0,7.5,0.0,None,0.0,120.8,118.5,120.3,115.8,124.7,0
PT-101,2026-10-03T14:00:00,124.7,75,39.2,220,0,7.5,0.0,None,0.0,116.9,119.9,117.9,116.7,124.7,0
PT-101,2026-10-03T14:15:00,120.8,81,47.8,811,0,7.5,0.0,None,0.0,118.5,120.3,115.8,115.9,120.8,0
PT-101,2026-10-03T14:30:00,116.9,93,29.0,1131,0,7.5,0.0,None,0.0,119.9,117.9,116.7,116.4,120.3,0
PT-101,2026-10-03T14:45:00,118.5,69,59.9,106,0,7.5,0.0,None,0.0,120.3,115.8,115.9,112.5,120.3,0
PT-101,2026-10-03T15:00:00,119.9,80,49.0,169,0,7.5,0.0,None,0.0,117.9,116.7,116.4,116.5,120.3,0
PT-101,2026-10-03T15:15:00,120.3,72,60.4,137,0,7.5,0.0,None,0.0,115.8,115.9,112.5,119.8,120.3,0
PT-101,2026-10-03T15:30:00,117.9,76,50.3,175,0,7.5,0.0,None,0.0,116.7,116.4,116.5,119.8,119.8,0
PT-101,2026-10-03T15:45:00,115.8,61,64.5,49,0,7.5,0.0,None,0.0,115.9,112.5,119.8,121.0,119.8,0
PT-101,2026-10-03T16:00:00,116.7,69,54.6,115,0,7.5,0.0,None,0.0,116.4,116.5,119.8,118.6,121.0,0
PT-101,2026-10-03T16:15:00,115.9,70,50.8,201,0,7.5,0.0,None,0.0,112.5,119.8,121.0,113.8,121.0,0
PT-101,2026-10-03T16:30:00,116.4,77,55.6,112,0,7.5,0.0,None,0.0,116.5,119.8,118.6,115.7,121.0,0
PT-101,2026-10-03T16:45:00,112.5,77,52.8,185,0,7.5,0.0,None,0.0,119.8,121.0,113.8,110.5,121.0,0
PT-101,2026-10-03T17:00:00,116.5,70,57.0,125,0,7.5,0.0,Snack,30.0,119.8,118.6,115.7,110.2,121.0,0
PT-101,2026-10-03T17:15:00,119.8,65,55.2,135,0,7.5,0.0,None,0.0,121.0,113.8,110.5,110.3,121.0,0
PT-101,2026-10-03T17:30:00,119.8,80,40.2,316,0,7.5,0.0,None,0.0,118.6,115.7,110.2,107.9,121.0,0
PT-101,2026-10-03T17:45:00,121.0,77,52.0,277,0,7.5,0.0,None,0.0,113.8,110.5,110.3,106.1,121.0,0
PT-101,2026-10-03T18:00:00,118.6,81,52.2,564,0,7.5,0.0,None,0.0,115.7,110.2,107.9,110.5,118.6,0
PT-101,2026-10-03T18:15:00,113.8,89,43.5,764,0,7.5,0.0,None,0.0,110.5,110.3,106.1,112.4,115.7,0
PT-101,2026-10-03T18:30:00,115.7,73,58.3,29,0,7.5,0.0,None,0.0,110.2,107.9,110.5,114.5,115.7,0
PT-101,2026-10-03T18:45:00,110.5,78,54.2,256,0,7.5,0.0,None,0.0,110.3,106.1,112.4,113.9,114.5,0
PT-101,2026-10-03T19:00:00,110.2,74,52.8,228,0,7.5,0.0,None,0.0,107.9,110.5,114.5,114.1,114.5,0
PT-101,2026-10-03T19:15:00,110.3,77,54.9,194,0,7.5,0.0,None,0.0,106.1,112.4,113.9,114.8,114.5,0
PT-101,2026-10-03T19:30:00,107.9,58,51.0,151,0,7.5,0.0,None,0.0,110.5,114.5,114.1,117.2,114.8,0
PT-101,2026-10-03T19:45:00,106.1,76,48.9,229,0,7.5,0.0,None,0.0,112.4,113.9,114.8,121.6,117.2,0
PT-101,2026-10-03T20:00:00,110.5,65,58.3,99,0,7.5,0.0,Dinner,40.0,114.5,114.1,117.2,118.1,121.6,0
PT-101,2026-10-03T20:15:00,112.4,75,49.3,276,0,7.5,0.0,None,0.0,113.9,114.8,121.6,118.3,121.6,0
PT-101,2026-10-03T20:30:00,114.5,71,65.7,113,0,7.5,0.0,None,0.0,114.1,117.2,118.1,112.6,121.6,0
PT-101,2026-10-03T20:45:00,113.9,70,58.7,108,0,7.5,0.0,None,0.0,114.8,121.6,118.3,114.2,121.6,0
PT-101,2026-10-03T21:00:00,114.1,68,54.9,169,0,7.5,0.0,None,0.0,117.2,118.1,112.6,114.1,121.6,0
PT-101,2026-10-03T21:15:00,114.8,69,56.8,0,0,7.5,0.0,None,0.0,121.6,118.3,114.2,112.7,121.6,0
PT-101,2026-10-03T21:30:00,117.2,64,57.5,81,0,7.5,0.0,None,0.0,118.1,112.6,114.1,111.6,121.6,0
PT-101,2026-10-03T21:45:00,121.6,67,53.7,62,0,7.5,0.0,None,0.0,118.3,114.2,112.7,115.1,121.6,0
PT-101,2026-10-03T22:00:00,118.1,68,53.6,176,0,7.5,0.0,None,0.0,112.6,114.1,111.6,114.4,118.3,0
PT-101,2026-10-03T22:15:00,118.3,79,60.2,190,0,7.5,0.0,None,0.0,114.2,112.7,115.1,114.1,118.3,0
PT-101,2026-10-03T22:30:00,112.6,64,46.6,86,0,7.5,0.0,None,0.0,114.1,111.6,114.4,114.6,115.1,0
PT-101,2026-10-03T22:45:00,114.2,72,56.4,188,0,7.5,0.0,None,0.0,112.7,115.1,114.1,115.1,115.1,0
PT-101,2026-10-03T23:00:00,114.1,56,57.0,0,1,7.5,85.0,None,0.0,111.6,114.4,114.6,113.0,115.1,0
PT-101,2026-10-03T23:15:00,112.7,61,72.1,0,1,7.5,85.0,None,0.0,115.1,114.1,115.1,112.5,115.1,0
PT-101,2026-10-03T23:30:00,111.6,53,49.5,18,1,7.5,85.0,None,0.0,114.4,114.6,113.0,112.5,115.1,0
PT-101,2026-10-03T23:45:00,115.1,60,73.4,0,1,7.5,85.0,None,0.0,114.1,115.1,112.5,111.2,115.1,0
PT-101,2026-10-04T00:00:00,114.4,62,59.2,2,1,7.5,85.0,None,0.0,114.6,113.0,112.5,110.5,115.1,0
PT-101,2026-10-04T00:15:00,114.1,57,56.5,6,1,7.5,85.0,None,0.0,115.1,112.5,111.2,109.7,115.1,0
PT-101,2026-10-04T00:30:00,114.6,62,62.0,10,1,7.5,85.0,None,0.0,113.0,112.5,110.5,109.6,115.1,0
PT-101,2026-10-04T00:45:00,115.1,63,58.3,3,1,7.5,85.0,None,0.0,112.5,111.2,109.7,109.3,115.1,0
PT-101,2026-10-04T01:00:00,113.0,59,63.9,2,1,7.5,85.0,None,0.0,112.5,110.5,109.6,109.8,113.0,0
PT-101,2026-10-04T01:15:00,112.5,57,68.0,5,1,7.5,85.0,None,0.0,111.2,109.7,109.3,110.3,112.5,0
PT-101,2026-10-04T01:30:00,112.5,62,46.7,1,1,7.5,85.0,None,0.0,110.5,109.6,109.8,107.8,112.5,0
PT-101,2026-10-04T01:45:00,111.2,63,69.4,4,1,7.5,85.0,None,0.0,109.7,109.3,110.3,110.0,111.2,0
PT-101,2026-10-04T02:00:00,110.5,59,57.9,2,1,7.5,85.0,None,0.0,109.6,109.8,107.8,107.4,110.5,0
PT-101,2026-10-04T02:15:00,109.7,57,78.1,9,1,7.5,85.0,None,0.0,109.3,110.3,110.0,106.2,110.3,0
PT-101,2026-10-04T02:30:00,109.6,56,66.8,1,1,7.5,85.0,None,0.0,109.8,107.8,107.4,104.8,110.3,0
PT-101,2026-10-04T02:45:00,109.3,57,47.9,7,1,7.5,85.0,None,0.0,110.3,110.0,106.2,107.4,110.3,0
PT-101,2026-10-04T03:00:00,109.8,64,67.2,10,1,7.5,85.0,None,0.0,107.8,107.4,104.8,109.4,110.3,0
PT-101,2026-10-04T03:15:00,110.3,54,77.7,0,1,7.5,85.0,None,0.0,110.0,106.2,107.4,110.2,110.3,0
PT-101,2026-10-04T03:30:00,107.8,54,65.9,4,1,7.5,85.0,None,0.0,107.4,104.8,109.4,109.7,110.2,0
PT-101,2026-10-04T03:45:00,110.0,54,60.9,2,1,7.5,85.0,None,0.0,106.2,107.4,110.2,109.2,110.2,0
PT-101,2026-10-04T04:00:00,107.4,54,63.4,3,1,7.5,85.0,None,0.0,104.8,109.4,109.7,110.4,110.2,0
PT-101,2026-10-04T04:15:00,106.2,56,62.9,1,1,7.5,85.0,None,0.0,107.4,110.2,109.2,111.6,110.4,0
PT-101,2026-10-04T04:30:00,104.8,54,56.0,7,1,7.5,85.0,None,0.0,109.4,109.7,110.4,109.2,111.6,0
PT-101,2026-10-04T04:45:00,107.4,60,42.9,11,1,7.5,85.0,None,0.0,110.2,109.2,111.6,107.9,111.6,0
PT-101,2026-10-04T05:00:00,109.4,59,56.1,4,1,7.5,85.0,None,0.0,109.7,110.4,109.2,107.5,111.6,0
PT-101,2026-10-04T05:15:00,110.2,56,85.3,0,1,7.5,85.0,None,0.0,109.2,111.6,107.9,106.8,111.6,0
PT-101,2026-10-04T05:30:00,109.7,63,58.6,0,1,7.5,85.0,None,0.0,110.4,109.2,107.5,106.3,111.6,0
PT-101,2026-10-04T05:45:00,109.2,61,67.7,8,1,7.5,85.0,None,0.0,111.6,107.9,106.8,110.0,111.6,0
PT-101,2026-10-04T06:00:00,110.4,57,67.4,1,1,7.5,85.0,None,0.0,109.2,107.5,106.3,115.2,111.6,0
PT-101,2026-10-04T06:15:00,111.6,55,58.1,1,1,7.5,85.0,None,0.0,107.9,106.8,110.0,116.9,115.2,0
PT-101,2026-10-04T06:30:00,109.2,71,51.0,84,0,7.5,0.0,None,0.0,107.5,106.3,115.2,120.4,116.9,0
PT-101,2026-10-04T06:45:00,107.9,71,53.6,171,0,7.5,0.0,None,0.0,106.8,110.0,116.9,125.1,120.4,0
PT-101,2026-10-04T07:00:00,107.5,72,58.3,26,0,7.5,0.0,None,0.0,106.3,115.2,120.4,124.8,125.1,0
PT-101,2026-10-04T07:15:00,106.8,75,50.4,138,0,7.5,0.0,None,0.0,110.0,116.9,125.1,119.2,125.1,0
PT-101,2026-10-04T07:30:00,106.3,69,56.8,152,0,7.5,0.0,None,0.0,115.2,120.4,124.8,113.4,125.1,0
PT-101,2026-10-04T07:45:00,110.0,72,48.1,70,0,7.5,0.0,None,0.0,116.9,125.1,119.2,109.1,125.1,0
PT-101,2026-10-04T08:00:00,115.2,75,49.3,196,0,7.5,0.0,Breakfast,40.0,120.4,124.8,113.4,109.1,125.1,0
PT-101,2026-10-04T08:15:00,116.9,67,55.6,107,0,7.5,0.0,None,0.0,125.1,119.2,109.1,110.7,125.1,0
PT-101,2026-10-04T08:30:00,120.4,68,51.4,114,0,7.5,0.0,None,0.0,124.8,113.4,109.1,113.2,125.1,0
PT-101,2026-10-04T08:45:00,125.1,69,51.1,85,0,7.5,0.0,None,0.0,119.2,109.1,110.7,112.5,125.1,0
PT-101,2026-10-04T09:00:00,124.8,72,55.8,160,0,7.5,0.0,None,0.0,113.4,109.1,113.2,109.6,124.8,0
PT-101,2026-10-04T09:15:00,119.2,101,36.4,1198,0,7.5,0.0,None,0.0,109.1,110.7,112.5,113.4,119.2,0
PT-101,2026-10-04T09:30:00,113.4,86,33.3,908,0,7.5,0.0,None,0.0,109.1,113.2,109.6,115.2,113.4,0
PT-101,2026-10-04T09:45:00,109.1,92,38.0,858,0,7.5,0.0,None,0.0,110.7,112.5,113.4,116.1,115.2,0
PT-101,2026-10-04T10:00:00,109.1,72,55.9,159,0,7.5,0.0,None,0.0,113.2,109.6,115.2,116.5,116.1,0
PT-101,2026-10-04T10:15:00,110.7,71,55.8,173,0,7.5,0.0,None,0.0,112.5,113.4,116.1,118.6,116.5,0
PT-101,2026-10-04T10:30:00,113.2,73,51.4,57,0,7.5,0.0,None,0.0,109.6,115.2,116.5,119.9,118.6,0
PT-101,2026-10-04T10:45:00,112.5,79,51.2,162,0,7.5,0.0,None,0.0,113.4,116.1,118.6,114.9,119.9,0
PT-101,2026-10-04T11:00:00,109.6,70,56.8,131,0,7.5,0.0,None,0.0,115.2,116.5,119.9,118.9,119.9,0
PT-101,2026-10-04T11:15:00,113.4,64,59.0,48,0,7.5,0.0,None,0.0,116.1,118.6,114.9,120.8,119.9,0
PT-101,2026-10-04T11:30:00,115.2,70,53.3,124,0,7.5,0.0,None,0.0,116.5,119.9,118.9,118.8,120.8,0
PT-101,2026-10-04T11:45:00,116.1,70,58.9,58,0,7.5,0.0,None,0.0,118.6,114.9,120.8,118.1,120.8,0
PT-101,2026-10-04T12:00:00,116.5,75,39.0,147,0,7.5,0.0,None,0.0,119.9,118.9,118.8,110.0,120.8,0
PT-101,2026-10-04T12:15:00,118.6,62,56.2,80,0,7.5,0.0,None,0.0,114.9,120.8,118.1,109.1,120.8,0
PT-101,2026-10-04T12:30:00,119.9,74,61.0,121,0,7.5,0.0,None,0.0,118.9,118.8,110.0,104.7,120.8,0
PT-101,2026-10-04T12:45:00,114.9,77,51.0,264,0,7.5,0.0,None,0.0,120.8,118.1,109.1,98.9,120.8,0
PT-101,2026-10-04T13:00:00,118.9,61,55.3,112,0,7.5,0.0,Lunch,35.0,118.8,110.0,104.7,100.7,120.8,0
PT-101,2026-10-04T13:15:00,120.8,76,62.3,251,0,7.5,0.0,None,0.0,118.1,109.1,98.9,99.2,120.8,0
PT-101,2026-10-04T13:30:00,118.8,70,50.7,124,0,7.5,0.0,None,0.0,110.0,104.7,100.7,101.3,118.8,0
PT-101,2026-10-04T13:45:00,118.1,62,55.3,115,0,7.5,0.0,None,0.0,109.1,98.9,99.2,103.3,118.1,0
PT-101,2026-10-04T14:00:00,110.0,102,36.1,1479,0,7.5,0.0,None,0.0,104.7,100.7,101.3,104.8,110.0,0
PT-101,2026-10-04T14:15:00,109.1,73,41.5,94,0,7.5,0.0,None,0.0,98.9,99.2,103.3,109.1,109.1,0
PT-101,2026-10-04T14:30:00,104.7,95,36.1,1085,0,7.5,0.0,None,0.0,100.7,101.3,104.8,107.2,109.1,0
PT-101,2026-10-04T14:45:00,98.9,94,41.1,1148,0,7.5,0.0,None,0.0,99.2,103.3,109.1,106.3,109.1,0
PT-101,2026-10-04T15:00:00,100.7,70,51.9,97,0,7.5,0.0,None,0.0,101.3,104.8,107.2,106.4,109.1,0
PT-101,2026-10-04T15:15:00,99.2,72,49.9,193,0,7.5,0.0,None,0.0,103.3,109.1,106.3,109.0,109.1,0
PT-101,2026-10-04T15:30:00,101.3,73,46.1,179,0,7.5,0.0,None,0.0,104.8,107.2,106.4,109.1,109.1,0
PT-101,2026-10-04T15:45:00,103.3,73,57.8,36,0,7.5,0.0,None,0.0,109.1,106.3,109.0,108.9,109.1,0
PT-101,2026-10-04T16:00:00,104.8,72,58.7,102,0,7.5,0.0,None,0.0,107.2,106.4,109.1,102.6,109.1,0
PT-101,2026-10-04T16:15:00,109.1,71,59.3,79,0,7.5,0.0,None,0.0,106.3,109.0,108.9,96.7,109.1,0
PT-101,2026-10-04T16:30:00,107.2,74,58.7,116,0,7.5,0.0,None,0.0,106.4,109.1,102.6,97.4,109.1,0
PT-101,2026-10-04T16:45:00,106.3,70,54.5,275,0,7.5,0.0,None,0.0,109.0,108.9,96.7,90.8,109.1,0
PT-101,2026-10-04T17:00:00,106.4,69,56.6,41,0,7.5,0.0,Snack,15.0,109.1,102.6,97.4,91.8,109.1,0
PT-101,2026-10-04T17:15:00,109.0,78,55.3,149,0,7.5,0.0,None,0.0,108.9,96.7,90.8,91.9,109.1,0
PT-101,2026-10-04T17:30:00,109.1,74,54.1,0,0,7.5,0.0,None,0.0,102.6,97.4,91.8,94.1,109.1,0
PT-101,2026-10-04T17:45:00,108.9,65,58.3,118,0,7.5,0.0,None,0.0,96.7,90.8,91.9,91.2,108.9,0
PT-101,2026-10-04T18:00:00,102.6,93,45.7,856,0,7.5,0.0,None,0.0,97.4,91.8,94.1,96.2,102.6,0
PT-101,2026-10-04T18:15:00,96.7,79,54.7,674,0,7.5,0.0,None,0.0,90.8,91.9,91.2,103.5,97.4,0
PT-101,2026-10-04T18:30:00,97.4,71,51.9,104,0,7.5,0.0,None,0.0,91.8,94.1,96.2,105.6,103.5,0
PT-101,2026-10-04T18:45:00,90.8,94,39.9,832,0,7.5,0.0,None,0.0,91.9,91.2,103.5,108.1,105.6,0
PT-101,2026-10-04T19:00:00,91.8,67,54.3,55,0,7.5,0.0,None,0.0,94.1,96.2,105.6,110.8,108.1,0
PT-101,2026-10-04T19:15:00,91.9,73,53.9,19,0,7.5,0.0,None,0.0,91.2,103.5,108.1,111.7,110.8,0
PT-101,2026-10-04T19:30:00,94.1,68,43.2,221,0,7.5,0.0,None,0.0,96.2,105.6,110.8,112.0,111.7,0
PT-101,2026-10-04T19:45:00,91.2,73,50.0,284,0,7.5,0.0,None,0.0,103.5,108.1,111.7,113.7,112.0,0
PT-101,2026-10-04T20:00:00,96.2,72,49.9,176,0,7.5,0.0,Dinner,40.0,105.6,110.8,112.0,112.4,113.7,0
PT-101,2026-10-04T20:15:00,103.5,69,51.6,125,0,7.5,0.0,None,0.0,108.1,111.7,113.7,116.5,113.7,0
PT-101,2026-10-04T20:30:00,105.6,71,55.5,177,0,7.5,0.0,None,0.0,110.8,112.0,112.4,116.1,116.5,0
PT-101,2026-10-04T20:45:00,108.1,75,50.7,226,0,7.5,0.0,None,0.0,111.7,113.7,116.5,114.5,116.5,0
PT-101,2026-10-04T21:00:00,110.8,63,48.9,7,0,7.5,0.0,None,0.0,112.0,112.4,116.1,113.2,116.5,0
PT-101,2026-10-04T21:15:00,111.7,83,53.7,271,0,7.5,0.0,None,0.0,113.7,116.5,114.5,113.0,116.5,0
PT-101,2026-10-04T21:30:00,112.0,65,51.1,0,0,7.5,0.0,None,0.0,112.4,116.1,113.2,110.2,116.5,0
PT-101,2026-10-04T21:45:00,113.7,69,43.1,119,0,7.5,0.0,None,0.0,116.5,114.5,113.0,112.6,116.5,0
PT-101,2026-10-04T22:00:00,112.4,70,64.6,46,0,7.5,0.0,None,0.0,116.1,113.2,110.2,114.4,116.5,0
PT-101,2026-10-04T22:15:00,116.5,66,60.5,0,0,7.5,0.0,None,0.0,114.5,113.0,112.6,114.1,116.5,0
PT-101,2026-10-04T22:30:00,116.1,70,52.1,34,0,7.5,0.0,None,0.0,113.2,110.2,114.4,113.3,116.1,0
PT-101,2026-10-04T22:45:00,114.5,70,50.5,344,0,7.5,0.0,None,0.0,113.0,112.6,114.1,113.2,114.5,0
PT-101,2026-10-04T23:00:00,113.2,56,67.2,3,1,7.5,85.0,None,0.0,110.2,114.4,113.3,114.4,114.4,0
PT-101,2026-10-04T23:15:00,113.0,61,68.0,10,1,7.5,85.0,None,0.0,112.6,114.1,113.2,111.3,114.4,0
PT-101,2026-10-04T23:30:00,110.2,59,73.4,3,1,7.5,85.0,None,0.0,114.4,113.3,114.4,109.9,114.4,0
PT-101,2026-10-04T23:45:00,112.6,54,60.2,1,1,7.5,85.0,None,0.0,114.1,113.2,111.3,110.6,114.4,0
PT-101,2026-10-05T00:00:00,114.4,68,62.8,3,1,7.5,85.0,None,0.0,113.3,114.4,109.9,111.5,114.4,0
PT-101,2026-10-05T00:15:00,114.1,56,69.4,7,1,7.5,85.0,None,0.0,113.2,111.3,110.6,113.0,114.4,0
PT-101,2026-10-05T00:30:00,113.3,62,63.4,1,1,7.5,85.0,None,0.0,114.4,109.9,111.5,109.6,114.4,0
PT-101,2026-10-05T00:45:00,113.2,62,70.2,3,1,7.5,85.0,None,0.0,111.3,110.6,113.0,108.9,114.4,0
PT-101,2026-10-05T01:00:00,114.4,65,63.1,0,1,7.5,85.0,None,0.0,109.9,111.5,109.6,107.9,114.4,0
PT-101,2026-10-05T01:15:00,111.3,62,57.2,0,1,7.5,85.0,None,0.0,110.6,113.0,108.9,109.5,113.0,0
PT-101,2026-10-05T01:30:00,109.9,54,59.5,8,1,7.5,85.0,None,0.0,111.5,109.6,107.9,107.6,113.0,0
PT-101,2026-10-05T01:45:00,110.6,61,70.8,0,1,7.5,85.0,None,0.0,113.0,108.9,109.5,107.3,113.0,0
PT-101,2026-10-05T02:00:00,111.5,59,60.2,6,1,7.5,85.0,None,0.0,109.6,107.9,107.6,107.5,113.0,0
PT-101,2026-10-05T02:15:00,113.0,62,67.8,7,1,7.5,85.0,None,0.0,108.9,109.5,107.3,105.3,113.0,0
PT-101,2026-10-05T02:30:00,109.6,54,64.8,0,1,7.5,85.0,None,0.0,107.9,107.6,107.5,109.9,109.6,0
PT-101,2026-10-05T02:45:00,108.9,51,58.7,0,1,7.5,85.0,None,0.0,109.5,107.3,105.3,109.4,109.9,0
PT-101,2026-10-05T03:00:00,107.9,58,69.9,8,1,7.5,85.0,None,0.0,107.6,107.5,109.9,110.3,109.9,0
PT-101,2026-10-05T03:15:00,109.5,57,70.3,3,1,7.5,85.0,None,0.0,107.3,105.3,109.4,109.8,110.3,0
PT-101,2026-10-05T03:30:00,107.6,57,59.3,0,1,7.5,85.0,None,0.0,107.5,109.9,110.3,110.9,110.3,0
PT-101,2026-10-05T03:45:00,107.3,54,71.6,1,1,7.5,85.0,None,0.0,105.3,109.4,109.8,113.3,110.9,0
PT-101,2026-10-05T04:00:00,107.5,51,63.9,1,1,7.5,85.0,None,0.0,109.9,110.3,110.9,115.3,113.3,0
PT-101,2026-10-05T04:15:00,105.3,58,75.9,4,1,7.5,85.0,None,0.0,109.4,109.8,113.3,113.9,115.3,0
PT-101,2026-10-05T04:30:00,109.9,58,73.0,0,1,7.5,85.0,None,0.0,110.3,110.9,115.3,112.1,115.3,0
PT-101,2026-10-05T04:45:00,109.4,52,66.7,4,1,7.5,85.0,None,0.0,109.8,113.3,113.9,112.2,115.3,0
PT-101,2026-10-05T05:00:00,110.3,61,69.5,1,1,7.5,85.0,None,0.0,110.9,115.3,112.1,111.1,115.3,0
PT-101,2026-10-05T05:15:00,109.8,63,68.1,3,1,7.5,85.0,None,0.0,113.3,113.9,112.2,110.3,115.3,0
PT-101,2026-10-05T05:30:00,110.9,50,64.8,1,1,7.5,85.0,None,0.0,115.3,112.1,111.1,111.4,115.3,0
PT-101,2026-10-05T05:45:00,113.3,54,58.4,0,1,7.5,85.0,None,0.0,113.9,112.2,110.3,110.0,115.3,0
PT-101,2026-10-05T06:00:00,115.3,55,65.1,0,1,7.5,85.0,None,0.0,112.1,111.1,111.4,114.5,115.3,0
PT-101,2026-10-05T06:15:00,113.9,53,71.6,0,1,7.5,85.0,None,0.0,112.2,110.3,110.0,118.4,114.5,0
PT-101,2026-10-05T06:30:00,112.1,68,46.9,80,0,7.5,0.0,None,0.0,111.1,111.4,114.5,121.1,118.4,0
PT-101,2026-10-05T06:45:00,112.2,73,54.7,94,0,7.5,0.0,None,0.0,110.3,110.0,118.4,126.8,121.1,0
PT-101,2026-10-05T07:00:00,111.1,72,53.6,200,0,7.5,0.0,None,0.0,111.4,114.5,121.1,130.7,126.8,0
PT-101,2026-10-05T07:15:00,110.3,69,40.2,154,0,7.5,0.0,None,0.0,110.0,118.4,126.8,125.5,130.7,0
PT-101,2026-10-05T07:30:00,111.4,77,55.7,246,0,7.5,0.0,None,0.0,114.5,121.1,130.7,122.5,130.7,0
PT-101,2026-10-05T07:45:00,110.0,72,49.6,139,0,7.5,0.0,None,0.0,118.4,126.8,125.5,122.5,130.7,0
PT-101,2026-10-05T08:00:00,114.5,70,55.4,97,0,7.5,0.0,Breakfast,40.0,121.1,130.7,122.5,121.5,130.7,0
PT-101,2026-10-05T08:15:00,118.4,68,47.8,0,0,7.5,0.0,None,0.0,126.8,125.5,122.5,121.1,130.7,0
PT-101,2026-10-05T08:30:00,121.1,62,60.8,20,0,7.5,0.0,None,0.0,130.7,122.5,121.5,118.9,130.7,0
PT-101,2026-10-05T08:45:00,126.8,72,51.5,101,0,7.5,0.0,None,0.0,125.5,122.5,121.1,120.5,130.7,0
PT-101,2026-10-05T09:00:00,130.7,72,58.0,110,0,7.5,0.0,None,0.0,122.5,121.5,118.9,119.6,130.7,0
PT-101,2026-10-05T09:15:00,125.5,86,44.4,747,0,7.5,0.0,None,0.0,122.5,121.1,120.5,117.5,125.5,0
PT-101,2026-10-05T09:30:00,122.5,93,37.8,762,0,7.5,0.0,None,0.0,121.5,118.9,119.6,114.2,122.5,0
PT-101,2026-10-05T09:45:00,122.5,73,50.5,106,0,7.5,0.0,None,0.0,121.1,120.5,117.5,114.1,122.5,0
PT-101,2026-10-05T10:00:00,121.5,67,56.4,136,0,7.5,0.0,None,0.0,118.9,119.6,114.2,112.2,121.5,0
PT-101,2026-10-05T10:15:00,121.1,66,40.3,114,0,7.5,0.0,None,0.0,120.5,117.5,114.1,114.7,121.1,0
PT-101,2026-10-05T10:30:00,118.9,79,49.5,325,0,7.5,0.0,None,0.0,119.6,114.2,112.2,112.9,120.5,0
PT-101,2026-10-05T10:45:00,120.5,73,46.9,134,0,7.5,0.0,None,0.0,117.5,114.1,114.7,113.4,120.5,0
PT-101,2026-10-05T11:00:00,119.6,75,54.0,190,0,7.5,0.0,None,0.0,114.2,112.2,112.9,120.4,119.6,0
PT-101,2026-10-05T11:15:00,117.5,75,50.1,186,0,7.5,0.0,None,0.0,114.1,114.7,113.4,123.7,120.4,0
PT-101,2026-10-05T11:30:00,114.2,77,46.5,140,0,7.5,0.0,None,0.0,112.2,112.9,120.4,127.0,123.7,0
PT-101,2026-10-05T11:45:00,114.1,71,53.5,145,0,7.5,0.0,None,0.0,114.7,113.4,123.7,129.9,127.0,0
PT-101,2026-10-05T12:00:00,112.2,76,45.1,114,0,7.5,0.0,None,0.0,112.9,120.4,127.0,130.8,129.9,0
PT-101,2026-10-05T12:15:00,114.7,64,52.1,124,0,7.5,0.0,None,0.0,113.4,123.7,129.9,126.9,130.8,0
PT-101,2026-10-05T12:30:00,112.9,72,46.5,134,0,7.5,0.0,None,0.0,120.4,127.0,130.8,124.3,130.8,0
PT-101,2026-10-05T12:45:00,113.4,69,59.7,102,0,7.5,0.0,None,0.0,123.7,129.9,126.9,122.6,130.8,0
PT-101,2026-10-05T13:00:00,120.4,70,45.9,158,0,7.5,0.0,Lunch,40.0,127.0,130.8,124.3,122.1,130.8,0
PT-101,2026-10-05T13:15:00,123.7,72,57.5,39,0,7.5,0.0,None,0.0,129.9,126.9,122.6,121.6,130.8,0
PT-101,2026-10-05T13:30:00,127.0,63,54.8,111,0,7.5,0.0,None,0.0,130.8,124.3,122.1,121.3,130.8,0
PT-101,2026-10-05T13:45:00,129.9,68,54.4,45,0,7.5,0.0,None,0.0,126.9,122.6,121.6,119.5,130.8,0
PT-101,2026-10-05T14:00:00,130.8,64,50.1,133,0,7.5,0.0,None,0.0,124.3,122.1,121.3,118.4,130.8,0
PT-101,2026-10-05T14:15:00,126.9,70,62.6,200,0,7.5,0.0,None,0.0,122.6,121.6,119.5,117.5,126.9,0
PT-101,2026-10-05T14:30:00,124.3,82,42.2,640,0,7.5,0.0,None,0.0,122.1,121.3,118.4,114.1,124.3,0
PT-101,2026-10-05T14:45:00,122.6,69,65.1,4,0,7.5,0.0,None,0.0,121.6,119.5,117.5,115.1,122.6,0
PT-101,2026-10-05T15:00:00,122.1,69,54.7,147,0,7.5,0.0,None,0.0,121.3,118.4,114.1,116.8,122.1,0
PT-101,2026-10-05T15:15:00,121.6,71,62.7,81,0,7.5,0.0,None,0.0,119.5,117.5,115.1,113.6,121.6,0
PT-101,2026-10-05T15:30:00,121.3,67,47.1,190,0,7.5,0.0,None,0.0,118.4,114.1,116.8,111.9,121.3,0
PT-101,2026-10-05T15:45:00,119.5,75,49.3,251,0,7.5,0.0,None,0.0,117.5,115.1,113.6,112.5,119.5,0
PT-101,2026-10-05T16:00:00,118.4,71,58.9,32,0,7.5,0.0,None,0.0,114.1,116.8,111.9,107.6,118.4,0
PT-101,2026-10-05T16:15:00,117.5,71,51.2,95,0,7.5,0.0,None,0.0,115.1,113.6,112.5,108.8,117.5,0
PT-101,2026-10-05T16:30:00,114.1,74,48.2,300,0,7.5,0.0,None,0.0,116.8,111.9,107.6,107.1,116.8,0
PT-101,2026-10-05T16:45:00,115.1,72,48.6,192,0,7.5,0.0,None,0.0,113.6,112.5,108.8,108.2,116.8,0
PT-101,2026-10-05T17:00:00,116.8,72,53.0,152,0,7.5,0.0,Snack,15.0,111.9,107.6,107.1,107.5,116.8,0
PT-101,2026-10-05T17:15:00,113.6,71,53.2,228,0,7.5,0.0,None,0.0,112.5,108.8,108.2,104.7,113.6,0
PT-101,2026-10-05T17:30:00,111.9,69,47.4,243,0,7.5,0.0,None,0.0,107.6,107.1,107.5,104.4,112.5,0
PT-101,2026-10-05T17:45:00,112.5,68,55.9,10,0,7.5,0.0,None,0.0,108.8,108.2,104.7,103.2,112.5,0
PT-101,2026-10-05T18:00:00,107.6,93,36.6,1251,0,7.5,0.0,None,0.0,107.1,107.5,104.4,105.6,108.8,0
PT-101,2026-10-05T18:15:00,108.8,64,54.1,0,0,7.5,0.0,None,0.0,108.2,104.7,103.2,111.2,108.8,0
PT-101,2026-10-05T18:30:00,107.1,89,42.4,715,0,7.5,0.0,None,0.0,107.5,104.4,105.6,111.6,111.2,0
PT-101,2026-10-05T18:45:00,108.2,68,48.5,16,0,7.5,0.0,None,0.0,104.7,103.2,111.2,110.9,111.6,0
PT-101,2026-10-05T19:00:00,107.5,71,38.6,203,0,7.5,0.0,None,0.0,104.4,105.6,111.6,111.9,111.6,0
PT-101,2026-10-05T19:15:00,104.7,73,58.4,167,0,7.5,0.0,None,0.0,103.2,111.2,110.9,110.8,111.9,0
PT-101,2026-10-05T19:30:00,104.4,77,43.0,187,0,7.5,0.0,None,0.0,105.6,111.6,111.9,112.5,111.9,0
PT-101,2026-10-05T19:45:00,103.2,69,55.2,92,0,7.5,0.0,None,0.0,111.2,110.9,110.8,110.4,112.5,0
PT-101,2026-10-05T20:00:00,105.6,62,48.2,188,0,7.5,0.0,Dinner,40.0,111.6,111.9,112.5,113.1,112.5,0
PT-101,2026-10-05T20:15:00,111.2,66,60.3,50,0,7.5,0.0,None,0.0,110.9,110.8,110.4,113.9,113.1,0
PT-101,2026-10-05T20:30:00,111.6,75,47.8,112,0,7.5,0.0,None,0.0,111.9,112.5,113.1,114.5,113.9,0
PT-101,2026-10-05T20:45:00,110.9,75,49.3,201,0,7.5,0.0,None,0.0,110.8,110.4,113.9,116.0,114.5,0
PT-101,2026-10-05T21:00:00,111.9,67,47.9,249,0,7.5,0.0,None,0.0,112.5,113.1,114.5,113.8,116.0,0
PT-101,2026-10-05T21:15:00,110.8,76,52.8,276,0,7.5,0.0,None,0.0,110.4,113.9,116.0,116.2,116.0,0
PT-101,2026-10-05T21:30:00,112.5,72,44.1,178,0,7.5,0.0,None,0.0,113.1,114.5,113.8,117.4,116.2,0
PT-101,2026-10-05T21:45:00,110.4,76,51.7,210,0,7.5,0.0,None,0.0,113.9,116.0,116.2,116.9,117.4,0
PT-101,2026-10-05T22:00:00,113.1,68,60.4,0,0,7.5,0.0,None,0.0,114.5,113.8,117.4,112.3,117.4,0
PT-101,2026-10-05T22:15:00,113.9,72,57.1,198,0,7.5,0.0,None,0.0,116.0,116.2,116.9,110.1,117.4,0
PT-101,2026-10-05T22:30:00,114.5,73,50.7,99,0,7.5,0.0,None,0.0,113.8,117.4,112.3,111.1,117.4,0
PT-101,2026-10-05T22:45:00,116.0,63,59.8,28,0,7.5,0.0,None,0.0,116.2,116.9,110.1,109.6,117.4,0
PT-101,2026-10-05T23:00:00,113.8,57,70.3,4,1,7.5,85.0,None,0.0,117.4,112.3,111.1,106.7,117.4,0
PT-101,2026-10-05T23:15:00,116.2,56,59.3,7,1,7.5,85.0,None,0.0,116.9,110.1,109.6,106.4,117.4,0
PT-101,2026-10-05T23:30:00,117.4,51,62.1,0,1,7.5,85.0,None,0.0,112.3,111.1,106.7,104.4,117.4,0
PT-101,2026-10-05T23:45:00,116.9,60,79.6,3,1,7.5,85.0,None,0.0,110.1,109.6,106.4,104.3,116.9,0
PT-101,2026-10-06T00:00:00,112.3,59,60.8,9,1,7.5,85.0,None,0.0,111.1,106.7,104.4,103.8,112.3,0
PT-101,2026-10-06T00:15:00,110.1,62,56.1,0,1,7.5,85.0,None,0.0,109.6,106.4,104.3,103.1,111.1,0
PT-101,2026-10-06T00:30:00,111.1,62,69.9,10,1,7.5,85.0,None,0.0,106.7,104.4,103.8,103.4,111.1,0
PT-101,2026-10-06T00:45:00,109.6,52,65.6,4,1,7.5,85.0,None,0.0,106.4,104.3,103.1,102.6,109.6,0
PT-101,2026-10-06T01:00:00,106.7,53,54.2,1,1,7.5,85.0,None,0.0,104.4,103.8,103.4,100.3,106.7,0
PT-101,2026-10-06T01:15:00,106.4,62,59.5,6,1,7.5,85.0,None,0.0,104.3,103.1,102.6,100.6,106.4,0
PT-101,2026-10-06T01:30:00,104.4,55,51.3,7,1,7.5,85.0,None,0.0,103.8,103.4,100.3,99.9,104.4,0
PT-101,2026-10-06T01:45:00,104.3,62,69.3,0,1,7.5,85.0,None,0.0,103.1,102.6,100.6,100.9,104.3,0
PT-101,2026-10-06T02:00:00,103.8,62,76.6,5,1,7.5,85.0,None,0.0,103.4,100.3,99.9,99.2,103.8,0
PT-101,2026-10-06T02:15:00,103.1,52,62.6,6,1,7.5,85.0,None,0.0,102.6,100.6,100.9,101.8,103.4,0
PT-101,2026-10-06T02:30:00,103.4,59,64.6,1,1,7.5,85.0,None,0.0,100.3,99.9,99.2,104.6,103.4,0
PT-101,2026-10-06T02:45:00,102.6,54,77.1,0,1,7.5,85.0,None,0.0,100.6,100.9,101.8,105.8,104.6,0
PT-101,2026-10-06T03:00:00,100.3,50,57.6,6,1,7.5,85.0,None,0.0,99.9,99.2,104.6,106.2,105.8,0
PT-101,2026-10-06T03:15:00,100.6,55,51.0,1,1,7.5,85.0,None,0.0,100.9,101.8,105.8,104.0,106.2,0
PT-101,2026-10-06T03:30:00,99.9,58,65.6,1,1,7.5,85.0,None,0.0,99.2,104.6,106.2,105.8,106.2,0
PT-101,2026-10-06T03:45:00,100.9,58,64.3,0,1,7.5,85.0,None,0.0,101.8,105.8,104.0,106.3,106.2,0
PT-101,2026-10-06T04:00:00,99.2,64,75.7,0,1,7.5,85.0,None,0.0,104.6,106.2,105.8,106.3,106.3,0
PT-101,2026-10-06T04:15:00,101.8,61,74.5,0,1,7.5,85.0,None,0.0,105.8,104.0,106.3,106.9,106.3,0
PT-101,2026-10-06T04:30:00,104.6,53,57.7,4,1,7.5,85.0,None,0.0,106.2,105.8,106.3,104.2,106.9,0
PT-101,2026-10-06T04:45:00,105.8,59,63.3,14,1,7.5,85.0,None,0.0,104.0,106.3,106.9,102.5,106.9,0
PT-101,2026-10-06T05:00:00,106.2,62,74.4,4,1,7.5,85.0,None,0.0,105.8,106.3,104.2,103.7,106.9,0
PT-101,2026-10-06T05:15:00,104.0,57,62.4,4,1,7.5,85.0,None,0.0,106.3,106.9,102.5,104.0,106.9,0
PT-101,2026-10-06T05:30:00,105.8,62,62.3,15,1,7.5,85.0,None,0.0,106.3,104.2,103.7,106.5,106.9,0
PT-101,2026-10-06T05:45:00,106.3,53,58.1,18,1,7.5,85.0,None,0.0,106.9,102.5,104.0,107.6,106.9,0
PT-101,2026-10-06T06:00:00,106.3,57,71.6,6,1,7.5,85.0,None,0.0,104.2,103.7,106.5,114.0,107.6,0
PT-101,2026-10-06T06:15:00,106.9,51,65.1,6,1,7.5,85.0,None,0.0,102.5,104.0,107.6,118.8,114.0,0
PT-101,2026-10-06T06:30:00,104.2,79,54.7,258,0,7.5,0.0,None,0.0,103.7,106.5,114.0,120.2,118.8,0
PT-101,2026-10-06T06:45:00,102.5,74,48.8,161,0,7.5,0.0,None,0.0,104.0,107.6,118.8,122.2,120.2,0
PT-101,2026-10-06T07:00:00,103.7,73,58.6,269,0,7.5,0.0,None,0.0,106.5,114.0,120.2,116.1,122.2,0
PT-101,2026-10-06T07:15:00,104.0,73,45.2,165,0,7.5,0.0,None,0.0,107.6,118.8,122.2,112.4,122.2,0
PT-101,2026-10-06T07:30:00,106.5,76,51.7,246,0,7.5,0.0,None,0.0,114.0,120.2,116.1,107.3,122.2,0
PT-101,2026-10-06T07:45:00,107.6,68,53.8,118,0,7.5,0.0,None,0.0,118.8,122.2,112.4,107.3,122.2,0
PT-101,2026-10-06T08:00:00,114.0,64,55.4,69,0,7.5,0.0,Breakfast,40.0,120.2,116.1,107.3,111.3,122.2,0
PT-101,2026-10-06T08:15:00,118.8,76,46.4,114,0,7.5,0.0,None,0.0,122.2,112.4,107.3,113.6,122.2,0
PT-101,2026-10-06T08:30:00,120.2,76,63.6,84,0,7.5,0.0,None,0.0,116.1,107.3,111.3,114.2,122.2,0
PT-101,2026-10-06T08:45:00,122.2,73,51.6,88,0,7.5,0.0,None,0.0,112.4,107.3,113.6,112.6,122.2,0
PT-101,2026-10-06T09:00:00,116.1,103,33.1,1170,0,7.5,0.0,None,0.0,107.3,111.3,114.2,111.9,116.1,0
PT-101,2026-10-06T09:15:00,112.4,84,41.2,817,0,7.5,0.0,None,0.0,107.3,113.6,112.6,112.5,114.2,0
PT-101,2026-10-06T09:30:00,107.3,94,40.2,1123,0,7.5,0.0,None,0.0,111.3,114.2,111.9,109.4,114.2,0
PT-101,2026-10-06T09:45:00,107.3,76,50.4,178,0,7.5,0.0,None,0.0,113.6,112.6,112.5,108.5,114.2,0
PT-101,2026-10-06T10:00:00,111.3,65,69.0,46,0,7.5,0.0,None,0.0,114.2,111.9,109.4,108.0,114.2,0
PT-101,2026-10-06T10:15:00,113.6,63,57.0,24,0,7.5,0.0,None,0.0,112.6,112.5,108.5,107.7,114.2,0
PT-101,2026-10-06T10:30:00,114.2,71,51.4,176,0,7.5,0.0,None,0.0,111.9,109.4,108.0,105.1,114.2,0
PT-101,2026-10-06T10:45:00,112.6,62,51.5,139,0,7.5,0.0,None,0.0,112.5,108.5,107.7,101.1,112.6,0
PT-101,2026-10-06T11:00:00,111.9,83,54.4,146,0,7.5,0.0,None,0.0,109.4,108.0,105.1,103.5,112.5,0
PT-101,2026-10-06T11:15:00,112.5,75,53.7,206,0,7.5,0.0,None,0.0,108.5,107.7,101.1,111.3,112.5,0
PT-101,2026-10-06T11:30:00,109.4,70,52.4,297,0,7.5,0.0,None,0.0,108.0,105.1,103.5,112.8,111.3,0
PT-101,2026-10-06T11:45:00,108.5,68,50.0,177,0,7.5,0.0,None,0.0,107.7,101.1,111.3,112.6,112.8,0
PT-101,2026-10-06T12:00:00,108.0,76,45.3,210,0,7.5,0.0,None,0.0,105.1,103.5,112.8,109.6,112.8,0
PT-101,2026-10-06T12:15:00,107.7,64,52.6,76,0,7.5,0.0,None,0.0,101.1,111.3,112.6,112.4,112.8,0
PT-101,2026-10-06T12:30:00,105.1,77,42.7,326,0,7.5,0.0,None,0.0,103.5,112.8,109.6,115.1,112.8,0
PT-101,2026-10-06T12:45:00,101.1,81,43.5,214,0,7.5,0.0,None,0.0,111.3,112.6,112.4,111.6,115.1,0
PT-101,2026-10-06T13:00:00,103.5,77,51.4,219,0,7.5,0.0,Lunch,40.0,112.8,109.6,115.1,111.7,115.1,0
PT-101,2026-10-06T13:15:00,111.3,72,54.2,214,0,7.5,0.0,None,0.0,112.6,112.4,111.6,110.8,115.1,0
PT-101,2026-10-06T13:30:00,112.8,68,50.8,152,0,7.5,0.0,None,0.0,109.6,115.1,111.7,111.1,115.1,0
PT-101,2026-10-06T13:45:00,112.6,68,49.9,167,0,7.5,0.0,None,0.0,112.4,111.6,110.8,109.7,115.1,0
PT-101,2026-10-06T14:00:00,109.6,93,44.7,924,0,7.5,0.0,None,0.0,115.1,111.7,111.1,108.4,115.1,0
PT-101,2026-10-06T14:15:00,112.4,76,52.7,60,0,7.5,0.0,None,0.0,111.6,110.8,109.7,107.8,115.1,0
PT-101,2026-10-06T14:30:00,115.1,74,56.5,183,0,7.5,0.0,None,0.0,111.7,111.1,108.4,108.2,115.1,0
PT-101,2026-10-06T14:45:00,111.6,85,33.7,653,0,7.5,0.0,None,0.0,110.8,109.7,107.8,110.6,111.7,0
PT-101,2026-10-06T15:00:00,111.7,76,54.8,113,0,7.5,0.0,None,0.0,111.1,108.4,108.2,112.9,111.7,0
PT-101,2026-10-06T15:15:00,110.8,75,52.0,125,0,7.5,0.0,None,0.0,109.7,107.8,110.6,111.9,112.9,0
PT-101,2026-10-06T15:30:00,111.1,74,55.6,110,0,7.5,0.0,None,0.0,108.4,108.2,112.9,110.6,112.9,0
PT-101,2026-10-06T15:45:00,109.7,69,51.6,148,0,7.5,0.0,None,0.0,107.8,110.6,111.9,111.2,112.9,0
PT-101,2026-10-06T16:00:00,108.4,76,47.8,109,0,7.5,0.0,None,0.0,108.2,112.9,110.6,111.8,112.9,0
PT-101,2026-10-06T16:15:00,107.8,62,53.5,32,0,7.5,0.0,None,0.0,110.6,111.9,111.2,104.6,112.9,0
PT-101,2026-10-06T16:30:00,108.2,73,56.9,273,0,7.5,0.0,None,0.0,112.9,110.6,111.8,97.3,112.9,0
PT-101,2026-10-06T16:45:00,110.6,79,54.4,116,0,7.5,0.0,None,0.0,111.9,111.2,104.6,93.4,112.9,0
PT-101,2026-10-06T17:00:00,112.9,78,55.7,169,0,7.5,0.0,Snack,15.0,110.6,111.8,97.3,90.9,112.9,0
PT-101,2026-10-06T17:15:00,111.9,77,54.7,139,0,7.5,0.0,None,0.0,111.2,104.6,93.4,96.0,111.9,0
PT-101,2026-10-06T17:30:00,110.6,76,48.7,245,0,7.5,0.0,None,0.0,111.8,97.3,90.9,92.7,111.8,0
PT-101,2026-10-06T17:45:00,111.2,73,53.4,156,0,7.5,0.0,None,0.0,104.6,93.4,96.0,90.8,111.8,0
PT-101,2026-10-06T18:00:00,111.8,78,51.5,268,0,7.5,0.0,None,0.0,97.3,90.9,92.7,97.9,111.8,0
PT-101,2026-10-06T18:15:00,104.6,95,47.6,938,0,7.5,0.0,None,0.0,93.4,96.0,90.8,101.8,104.6,0
PT-101,2026-10-06T18:30:00,97.3,89,34.4,1009,0,7.5,0.0,None,0.0,90.9,92.7,97.9,106.5,101.8,0
PT-101,2026-10-06T18:45:00,93.4,99,37.4,1169,0,7.5,0.0,None,0.0,96.0,90.8,101.8,108.0,106.5,0
PT-101,2026-10-06T19:00:00,90.9,70,45.1,49,0,7.5,0.0,None,0.0,92.7,97.9,106.5,107.3,108.0,0
PT-101,2026-10-06T19:15:00,96.0,73,61.1,126,0,7.5,0.0,None,0.0,90.8,101.8,108.0,110.1,108.0,0
PT-101,2026-10-06T19:30:00,92.7,76,51.8,238,0,7.5,0.0,None,0.0,97.9,106.5,107.3,110.0,110.1,0
PT-101,2026-10-06T19:45:00,90.8,76,57.5,121,0,7.5,0.0,None,0.0,101.8,108.0,110.1,111.2,110.1,0
PT-101,2026-10-06T20:00:00,97.9,76,56.7,120,0,7.5,0.0,Dinner,40.0,106.5,107.3,110.0,110.3,111.2,0
PT-101,2026-10-06T20:15:00,101.8,68,44.9,99,0,7.5,0.0,None,0.0,108.0,110.1,111.2,109.3,111.2,0
PT-101,2026-10-06T20:30:00,106.5,72,53.8,207,0,7.5,0.0,None,0.0,107.3,110.0,110.3,110.3,111.2,0
PT-101,2026-10-06T20:45:00,108.0,73,45.5,162,0,7.5,0.0,None,0.0,110.1,111.2,109.3,109.6,111.2,0
PT-101,2026-10-06T21:00:00,107.3,75,60.0,270,0,7.5,0.0,None,0.0,110.0,110.3,110.3,112.9,111.2,0
PT-101,2026-10-06T21:15:00,110.1,70,55.4,151,0,7.5,0.0,None,0.0,111.2,109.3,109.6,110.2,112.9,0
PT-101,2026-10-06T21:30:00,110.0,76,51.9,181,0,7.5,0.0,None,0.0,110.3,110.3,112.9,109.7,112.9,0
PT-101,2026-10-06T21:45:00,111.2,70,55.9,0,0,7.5,0.0,None,0.0,109.3,109.6,110.2,109.5,112.9,0
PT-101,2026-10-06T22:00:00,110.3,70,51.9,117,0,7.5,0.0,None,0.0,110.3,112.9,109.7,108.5,112.9,0
PT-101,2026-10-06T22:15:00,109.3,73,48.6,151,0,7.5,0.0,None,0.0,109.6,110.2,109.5,109.1,112.9,0
PT-101,2026-10-06T22:30:00,110.3,70,52.4,116,0,7.5,0.0,None,0.0,112.9,109.7,108.5,109.1,112.9,0
PT-101,2026-10-06T22:45:00,109.6,62,56.0,0,0,7.5,0.0,None,0.0,110.2,109.5,109.1,106.7,112.9,0
PT-101,2026-10-06T23:00:00,112.9,54,68.3,6,1,7.5,85.0,None,0.0,109.7,108.5,109.1,107.5,112.9,0
PT-101,2026-10-06T23:15:00,110.2,65,53.1,10,1,7.5,85.0,None,0.0,109.5,109.1,106.7,107.9,110.2,0
PT-101,2026-10-06T23:30:00,109.7,55,82.8,4,1,7.5,85.0,None,0.0,108.5,109.1,107.5,108.1,109.7,0
PT-101,2026-10-06T23:45:00,109.5,48,70.6,9,1,7.5,85.0,None,0.0,109.1,106.7,107.9,109.3,109.5,0
PT-101,2026-10-07T00:00:00,108.5,61,62.2,3,1,7.5,85.0,None,0.0,109.1,107.5,108.1,109.9,109.3,0
PT-101,2026-10-07T00:15:00,109.1,58,77.9,5,1,7.5,85.0,None,0.0,106.7,107.9,109.3,108.7,109.9,0
PT-101,2026-10-07T00:30:00,109.1,52,61.9,8,1,7.5,85.0,None,0.0,107.5,108.1,109.9,109.8,109.9,0
PT-101,2026-10-07T00:45:00,106.7,55,63.6,3,1,7.5,85.0,None,0.0,107.9,109.3,108.7,109.8,109.9,0
PT-101,2026-10-07T01:00:00,107.5,60,67.1,3,1,7.5,85.0,None,0.0,108.1,109.9,109.8,106.0,109.9,0
PT-101,2026-10-07T01:15:00,107.9,58,74.5,10,1,7.5,85.0,None,0.0,109.3,108.7,109.8,107.2,109.9,0
PT-101,2026-10-07T01:30:00,108.1,58,62.6,5,1,7.5,85.0,None,0.0,109.9,109.8,106.0,107.1,109.9,0
PT-101,2026-10-07T01:45:00,109.3,54,66.7,6,1,7.5,85.0,None,0.0,108.7,109.8,107.2,102.6,109.9,0
PT-101,2026-10-07T02:00:00,109.9,61,78.1,1,1,7.5,85.0,None,0.0,109.8,106.0,107.1,102.1,109.9,0
PT-101,2026-10-07T02:15:00,108.7,58,74.7,5,1,7.5,85.0,None,0.0,109.8,107.2,102.6,105.4,109.8,0
PT-101,2026-10-07T02:30:00,109.8,56,62.5,10,1,7.5,85.0,None,0.0,106.0,107.1,102.1,104.2,109.8,0
PT-101,2026-10-07T02:45:00,109.8,53,69.7,4,1,7.5,85.0,None,0.0,107.2,102.6,105.4,104.8,109.8,0
PT-101,2026-10-07T03:00:00,106.0,56,58.1,7,1,7.5,85.0,None,0.0,107.1,102.1,104.2,103.9,107.2,0
PT-101,2026-10-07T03:15:00,107.2,52,62.4,5,1,7.5,85.0,None,0.0,102.6,105.4,104.8,102.8,107.2,0
PT-101,2026-10-07T03:30:00,107.1,56,75.9,4,1,7.5,85.0,None,0.0,102.1,104.2,103.9,103.9,107.1,0
PT-101,2026-10-07T03:45:00,102.6,52,74.9,0,1,7.5,85.0,None,0.0,105.4,104.8,102.8,108.4,105.4,0
PT-101,2026-10-07T04:00:00,102.1,60,55.3,21,1,7.5,85.0,None,0.0,104.2,103.9,103.9,108.4,108.4,0
PT-101,2026-10-07T04:15:00,105.4,62,71.8,2,1,7.5,85.0,None,0.0,104.8,102.8,108.4,104.3,108.4,0
PT-101,2026-10-07T04:30:00,104.2,64,64.1,0,1,7.5,85.0,None,0.0,103.9,103.9,108.4,107.5,108.4,0
PT-101,2026-10-07T04:45:00,104.8,53,65.9,0,1,7.5,85.0,None,0.0,102.8,108.4,104.3,109.3,108.4,0
PT-101,2026-10-07T05:00:00,103.9,57,66.5,2,1,7.5,85.0,None,0.0,103.9,108.4,107.5,108.4,109.3,0
PT-101,2026-10-07T05:15:00,102.8,61,60.7,2,1,7.5,85.0,None,0.0,108.4,104.3,109.3,111.8,109.3,0
PT-101,2026-10-07T05:30:00,103.9,58,56.7,3,1,7.5,85.0,None,0.0,108.4,107.5,108.4,112.0,111.8,0
PT-101,2026-10-07T05:45:00,108.4,56,71.0,3,1,7.5,85.0,None,0.0,104.3,109.3,111.8,115.0,112.0,0
PT-101,2026-10-07T06:00:00,108.4,54,67.6,5,1,7.5,85.0,None,0.0,107.5,108.4,112.0,118.9,115.0,0
PT-101,2026-10-07T06:15:00,104.3,58,68.5,5,1,7.5,85.0,None,0.0,109.3,111.8,115.0,119.7,118.9,0
PT-101,2026-10-07T06:30:00,107.5,76,53.2,136,0,7.5,0.0,None,0.0,108.4,112.0,118.9,123.4,119.7,0
PT-101,2026-10-07T06:45:00,109.3,74,48.8,111,0,7.5,0.0,None,0.0,111.8,115.0,119.7,125.7,123.4,0
PT-101,2026-10-07T07:00:00,108.4,70,39.6,151,0,7.5,0.0,None,0.0,112.0,118.9,123.4,126.6,125.7,0
PT-101,2026-10-07T07:15:00,111.8,75,60.3,149,0,7.5,0.0,None,0.0,115.0,119.7,125.7,128.6,126.6,0
PT-101,2026-10-07T07:30:00,112.0,71,49.6,232,0,7.5,0.0,None,0.0,118.9,123.4,126.6,121.7,128.6,0
PT-101,2026-10-07T07:45:00,115.0,78,64.5,174,0,7.5,0.0,None,0.0,119.7,125.7,128.6,115.9,128.6,0
PT-101,2026-10-07T08:00:00,118.9,78,49.0,186,0,7.5,0.0,Breakfast,40.0,123.4,126.6,121.7,113.1,128.6,0
PT-101,2026-10-07T08:15:00,119.7,66,56.5,27,0,7.5,0.0,None,0.0,125.7,128.6,115.9,116.3,128.6,0
PT-101,2026-10-07T08:30:00,123.4,66,54.4,81,0,7.5,0.0,None,0.0,126.6,121.7,113.1,112.6,128.6,0
PT-101,2026-10-07T08:45:00,125.7,76,58.7,192,0,7.5,0.0,None,0.0,128.6,115.9,116.3,113.8,128.6,0
PT-101,2026-10-07T09:00:00,126.6,75,49.4,283,0,7.5,0.0,None,0.0,121.7,113.1,112.6,112.9,128.6,0
PT-101,2026-10-07T09:15:00,128.6,78,58.7,115,0,7.5,0.0,None,0.0,115.9,116.3,113.8,110.8,128.6,0
PT-101,2026-10-07T09:30:00,121.7,88,39.4,1167,0,7.5,0.0,None,0.0,113.1,112.6,112.9,111.1,121.7,0
PT-101,2026-10-07T09:45:00,115.9,99,27.7,1211,0,7.5,0.0,None,0.0,116.3,113.8,110.8,114.9,116.3,0
PT-101,2026-10-07T10:00:00,113.1,72,51.7,70,0,7.5,0.0,None,0.0,112.6,112.9,111.1,110.3,116.3,0
PT-101,2026-10-07T10:15:00,116.3,71,57.0,143,0,7.5,0.0,None,0.0,113.8,110.8,114.9,106.2,116.3,0
PT-101,2026-10-07T10:30:00,112.6,78,51.6,285,0,7.5,0.0,None,0.0,112.9,111.1,110.3,105.1,114.9,0
PT-101,2026-10-07T10:45:00,113.8,72,51.5,148,0,7.5,0.0,None,0.0,110.8,114.9,106.2,104.6,114.9,0
PT-101,2026-10-07T11:00:00,112.9,70,47.1,222,0,7.5,0.0,None,0.0,111.1,110.3,105.1,106.3,114.9,0
PT-101,2026-10-07T11:15:00,110.8,63,48.6,83,0,7.5,0.0,None,0.0,114.9,106.2,104.6,111.0,114.9,0
PT-101,2026-10-07T11:30:00,111.1,80,45.7,229,0,7.5,0.0,None,0.0,110.3,105.1,106.3,116.6,114.9,0
PT-101,2026-10-07T11:45:00,114.9,67,52.4,202,0,7.5,0.0,None,0.0,106.2,104.6,111.0,119.3,116.6,0
PT-101,2026-10-07T12:00:00,110.3,71,49.1,186,0,7.5,0.0,None,0.0,105.1,106.3,116.6,112.7,119.3,0
PT-101,2026-10-07T12:15:00,106.2,80,48.1,170,0,7.5,0.0,None,0.0,104.6,111.0,119.3,106.8,119.3,0
PT-101,2026-10-07T12:30:00,105.1,73,51.5,79,0,7.5,0.0,None,0.0,106.3,116.6,112.7,98.5,119.3,0
PT-101,2026-10-07T12:45:00,104.6,72,45.8,134,0,7.5,0.0,None,0.0,111.0,119.3,106.8,99.3,119.3,0
PT-101,2026-10-07T13:00:00,106.3,68,47.3,196,0,7.5,0.0,Lunch,35.0,116.6,112.7,98.5,101.8,119.3,0
PT-101,2026-10-07T13:15:00,111.0,72,45.1,200,0,7.5,0.0,None,0.0,119.3,106.8,99.3,103.7,119.3,0
PT-101,2026-10-07T13:30:00,116.6,66,52.6,88,0,7.5,0.0,None,0.0,112.7,98.5,101.8,105.2,119.3,0
PT-101,2026-10-07T13:45:00,119.3,72,57.0,101,0,7.5,0.0,None,0.0,106.8,99.3,103.7,105.2,119.3,0
PT-101,2026-10-07T14:00:00,112.7,89,33.3,1056,0,7.5,0.0,None,0.0,98.5,101.8,105.2,108.9,112.7,0
PT-101,2026-10-07T14:15:00,106.8,100,35.9,1213,0,7.5,0.0,None,0.0,99.3,103.7,105.2,110.3,108.9,0
PT-101,2026-10-07T14:30:00,98.5,100,37.7,1019,0,7.5,0.0,None,0.0,101.8,105.2,108.9,109.4,110.3,0
PT-101,2026-10-07T14:45:00,99.3,66,45.7,195,0,7.5,0.0,None,0.0,103.7,105.2,110.3,110.8,110.3,0
PT-101,2026-10-07T15:00:00,101.8,67,51.2,142,0,7.5,0.0,None,0.0,105.2,108.9,109.4,111.6,110.8,0
PT-101,2026-10-07T15:15:00,103.7,78,61.2,200,0,7.5,0.0,None,0.0,105.2,110.3,110.8,110.6,111.6,0
PT-101,2026-10-07T15:30:00,105.2,74,55.4,115,0,7.5,0.0,None,0.0,108.9,109.4,111.6,108.7,111.6,0
PT-101,2026-10-07T15:45:00,105.2,68,47.4,146,0,7.5,0.0,None,0.0,110.3,110.8,110.6,104.7,111.6,0
PT-101,2026-10-07T16:00:00,108.9,68,54.7,144,0,7.5,0.0,None,0.0,109.4,111.6,108.7,98.9,111.6,0
PT-101,2026-10-07T16:15:00,110.3,70,54.7,0,0,7.5,0.0,None,0.0,110.8,110.6,104.7,91.5,111.6,0
PT-101,2026-10-07T16:30:00,109.4,69,54.0,98,0,7.5,0.0,None,0.0,111.6,108.7,98.9,86.8,111.6,0
PT-101,2026-10-07T16:45:00,110.8,67,47.7,11,0,7.5,0.0,None,0.0,110.6,104.7,91.5,82.7,111.6,0
PT-101,2026-10-07T17:00:00,111.6,72,57.1,0,0,7.5,0.0,None,0.0,108.7,98.9,86.8,83.7,111.6,0
PT-101,2026-10-07T17:15:00,110.6,66,60.8,0,0,7.5,0.0,None,0.0,104.7,91.5,82.7,83.4,110.6,0
PT-101,2026-10-07T17:30:00,108.7,66,53.9,46,0,7.5,0.0,None,0.0,98.9,86.8,83.7,82.7,108.7,0
PT-101,2026-10-07T17:45:00,104.7,73,48.4,231,0,7.5,0.0,None,0.0,91.5,82.7,83.4,82.1,104.7,0
PT-101,2026-10-07T18:00:00,98.9,97,33.2,1096,0,7.5,0.0,None,0.0,86.8,83.7,82.7,87.5,98.9,0
PT-101,2026-10-07T18:15:00,91.5,94,38.3,1195,0,7.5,0.0,None,0.0,82.7,83.4,82.1,94.7,91.5,0
PT-101,2026-10-07T18:30:00,86.8,91,28.6,1124,0,7.5,0.0,None,0.0,83.7,82.7,87.5,97.8,94.7,0
PT-101,2026-10-07T18:45:00,82.7,87,37.6,753,0,7.5,0.0,None,0.0,83.4,82.1,94.7,98.7,97.8,0
PT-101,2026-10-07T19:00:00,83.7,73,49.1,181,0,7.5,0.0,None,0.0,82.7,87.5,97.8,98.9,98.7,0
PT-101,2026-10-07T19:15:00,83.4,64,57.6,189,0,7.5,0.0,None,0.0,82.1,94.7,98.7,103.1,98.9,0
PT-101,2026-10-07T19:30:00,82.7,76,45.4,166,0,7.5,0.0,None,0.0,87.5,97.8,98.9,103.9,103.1,0
PT-101,2026-10-07T19:45:00,82.1,67,61.9,109,0,7.5,0.0,None,0.0,94.7,98.7,103.1,99.5,103.9,0
PT-101,2026-10-07T20:00:00,87.5,68,51.1,119,0,7.5,0.0,Dinner,40.0,97.8,98.9,103.9,99.8,103.9,0
PT-101,2026-10-07T20:15:00,94.7,67,55.2,36,0,7.5,0.0,None,0.0,98.7,103.1,99.5,97.4,103.9,0
PT-101,2026-10-07T20:30:00,97.8,65,54.6,133,0,7.5,0.0,None,0.0,98.9,103.9,99.8,96.6,103.9,0
PT-101,2026-10-07T20:45:00,98.7,79,58.3,242,0,7.5,0.0,None,0.0,103.1,99.5,97.4,94.4,103.9,0
PT-101,2026-10-07T21:00:00,98.9,76,58.3,292,0,7.5,0.0,None,0.0,103.9,99.8,96.6,93.7,103.9,0
PT-101,2026-10-07T21:15:00,103.1,71,54.0,108,0,7.5,0.0,None,0.0,99.5,97.4,94.4,94.3,103.9,0
PT-101,2026-10-07T21:30:00,103.9,75,56.8,114,0,7.5,0.0,None,0.0,99.8,96.6,93.7,97.4,103.9,0
PT-101,2026-10-07T21:45:00,99.5,70,63.7,185,0,7.5,0.0,None,0.0,97.4,94.4,94.3,97.4,99.8,0
PT-101,2026-10-07T22:00:00,99.8,65,50.8,186,0,7.5,0.0,None,0.0,96.6,93.7,97.4,,99.8,0
PT-101,2026-10-07T22:15:00,97.4,71,57.3,253,0,7.5,0.0,None,0.0,94.4,94.3,97.4,,97.4,0
PT-101,2026-10-07T22:30:00,96.6,72,51.4,240,0,7.5,0.0,None,0.0,93.7,97.4,,,97.4,0
PT-101,2026-10-07T22:45:00,94.4,78,53.3,235,0,7.5,0.0,None,0.0,94.3,97.4,,,97.4,0
PT-101,2026-10-07T23:00:00,93.7,59,50.0,1,1,7.5,85.0,None,0.0,97.4,,,,97.4,0
PT-101,2026-10-07T23:15:00,94.3,56,77.0,0,1,7.5,85.0,None,0.0,97.4,,,,97.4,0
PT-101,2026-10-07T23:30:00,97.4,57,59.0,11,1,7.5,85.0,None,0.0,,,,,97.4,0
PT-101,2026-10-07T23:45:00,97.4,64,62.0,0,1,7.5,85.0,None,0.0,,,,,97.4,0
